[ {
  "uid" : "f178cc029684a9bc",
  "name" : "cnodejs项目",
  "time" : {
    "start" : 1586262123997,
    "stop" : 1586262124349,
    "duration" : 352
  },
  "status" : "passed",
  "severity" : "normal"
}, {
  "uid" : "a04ed8a953a6ec0d",
  "name" : "cnodejs项目",
  "time" : {
    "start" : 1586262121683,
    "stop" : 1586262122265,
    "duration" : 582
  },
  "status" : "passed",
  "severity" : "normal"
}, {
  "uid" : "3bf2b80518ff23f9",
  "name" : "v2EX项目",
  "time" : {
    "start" : 1586262124366,
    "stop" : 1586262167118,
    "duration" : 42752
  },
  "status" : "failed",
  "severity" : "normal"
}, {
  "uid" : "6507c12f87c13d5f",
  "name" : "cnodejs项目",
  "time" : {
    "start" : 1586262123149,
    "stop" : 1586262123560,
    "duration" : 411
  },
  "status" : "passed",
  "severity" : "normal"
}, {
  "uid" : "699f1edd3614adba",
  "name" : "cnodejs项目",
  "time" : {
    "start" : 1586262122283,
    "stop" : 1586262122720,
    "duration" : 437
  },
  "status" : "passed",
  "severity" : "normal"
}, {
  "uid" : "e64edb2ad9ab78a7",
  "name" : "cnodejs项目",
  "time" : {
    "start" : 1586262122734,
    "stop" : 1586262123078,
    "duration" : 344
  },
  "status" : "passed",
  "severity" : "normal"
}, {
  "uid" : "94d1b2785ecf1071",
  "name" : "cnodejs项目",
  "time" : {
    "start" : 1586262123579,
    "stop" : 1586262123981,
    "duration" : 402
  },
  "status" : "passed",
  "severity" : "normal"
}, {
  "uid" : "ceec1b311cf6a2f6",
  "name" : "test_case[item7]",
  "time" : {
    "start" : 1586262167611,
    "stop" : 1586262167755,
    "duration" : 144
  },
  "status" : "broken",
  "severity" : "normal"
} ]