"Status","Start Time","Stop Time","Duration in ms","Parent Suite","Suite","Sub Suite","Test Class","Test Method","Name","Description"
"passed","Tue Apr 07 20:22:03 CST 2020","Tue Apr 07 20:22:04 CST 2020","352","scripts","test_case","TestCase","","","cnodejs项目","<b style='color:red;'>描述：</b>/message/mark_all 标记全部已读<br /><b style='color:red;'>请求的url：</b>https://cnodejs.org/api/v1/message/mark_all<br /><b style='color:red;'>预期值：</b>False<br /><b style='color:red;'>实际执行结果：</b>False<br />"
"broken","Tue Apr 07 20:22:47 CST 2020","Tue Apr 07 20:22:47 CST 2020","144","scripts","test_case","TestCase","","","test_case[item7]",""
"passed","Tue Apr 07 20:22:03 CST 2020","Tue Apr 07 20:22:03 CST 2020","402","scripts","test_case","TestCase","","","cnodejs项目","<b style='color:red;'>描述：</b>/user/:loginname 用户详情<br /><b style='color:red;'>请求的url：</b>https://cnodejs.org/api/v1/user/alsotang<br /><b style='color:red;'>预期值：</b>True<br /><b style='color:red;'>实际执行结果：</b>True<br />"
"passed","Tue Apr 07 20:22:03 CST 2020","Tue Apr 07 20:22:03 CST 2020","411","scripts","test_case","TestCase","","","cnodejs项目","<b style='color:red;'>描述：</b>post /topic_collect/de_collect 取消主题<br /><b style='color:red;'>请求的url：</b>https://cnodejs.org/api/v1/topic_collect/de_collect<br /><b style='color:red;'>预期值：</b>False<br /><b style='color:red;'>实际执行结果：</b>False<br />"
"failed","Tue Apr 07 20:22:04 CST 2020","Tue Apr 07 20:22:47 CST 2020","42752","scripts","test_case","TestCase","","","v2EX项目","<b style='color:red;'>描述：</b>获取网站信息<br /><b style='color:red;'>请求的url：</b>https://www.v2ex.com/api/site/info.json<br /><b style='color:red;'>预期值：</b>v2EX<br /><b style='color:red;'>实际执行结果：</b>V2EX<br />"
"passed","Tue Apr 07 20:22:02 CST 2020","Tue Apr 07 20:22:03 CST 2020","344","scripts","test_case","TestCase","","","cnodejs项目","<b style='color:red;'>描述：</b>/topic_collect/collect 收藏主题<br /><b style='color:red;'>请求的url：</b>https://cnodejs.org/api/v1/topic_collect/collect<br /><b style='color:red;'>预期值：</b>False<br /><b style='color:red;'>实际执行结果：</b>False<br />"
"passed","Tue Apr 07 20:22:02 CST 2020","Tue Apr 07 20:22:02 CST 2020","437","scripts","test_case","TestCase","","","cnodejs项目","<b style='color:red;'>描述：</b>get /topic/:id 主题详情<br /><b style='color:red;'>请求的url：</b>https://cnodejs.org/api/v1/topic/5433d5e4e737cbe96dcef312<br /><b style='color:red;'>预期值：</b>True<br /><b style='color:red;'>实际执行结果：</b>True<br />"
"passed","Tue Apr 07 20:22:01 CST 2020","Tue Apr 07 20:22:02 CST 2020","582","scripts","test_case","TestCase","","","cnodejs项目","<b style='color:red;'>描述：</b>get /topics 主题首页<br /><b style='color:red;'>请求的url：</b>https://cnodejs.org/api/v1/topics<br /><b style='color:red;'>预期值：</b>True<br /><b style='color:red;'>实际执行结果：</b>True<br />"
