{
  "uid" : "98d3104e051c652961429bf95fa0b5d6",
  "name" : "suites",
  "children" : [ {
    "name" : "scripts",
    "children" : [ {
      "name" : "test_case",
      "children" : [ {
        "name" : "TestCase",
        "children" : [ {
          "name" : "cnodejs项目",
          "uid" : "a04ed8a953a6ec0d",
          "parentUid" : "fa6de9dd5acc829bad7ddacb08fb50db",
          "status" : "passed",
          "time" : {
            "start" : 1586262121683,
            "stop" : 1586262122265,
            "duration" : 582
          },
          "flaky" : false,
          "newFailed" : false,
          "parameters" : [ "{'case_title': 'cnodejs项目', 'case_description': 'get /topics 主题首页', 'case_url': 'https://cnodejs.org/api/v1/topics', 'case_method': 'get', 'case_headers': '{\"User-agent\": \"Mozilla/5.0 (Windows NT 10.0; Win64; x64) AppleWebKit/537.36 (KHTML, like Gecko) Chrome/80.0.3987.106 Safari/537.36\"}', 'case_params': '', 'case_expect': '{\"success\":true}', 'other': ''}" ]
        }, {
          "name" : "cnodejs项目",
          "uid" : "699f1edd3614adba",
          "parentUid" : "fa6de9dd5acc829bad7ddacb08fb50db",
          "status" : "passed",
          "time" : {
            "start" : 1586262122283,
            "stop" : 1586262122720,
            "duration" : 437
          },
          "flaky" : false,
          "newFailed" : false,
          "parameters" : [ "{'case_title': 'cnodejs项目', 'case_description': 'get /topic/:id 主题详情', 'case_url': 'https://cnodejs.org/api/v1/topic/5433d5e4e737cbe96dcef312', 'case_method': 'get', 'case_headers': '', 'case_params': '', 'case_expect': '{\"success\":true}', 'other': ''}" ]
        }, {
          "name" : "cnodejs项目",
          "uid" : "e64edb2ad9ab78a7",
          "parentUid" : "fa6de9dd5acc829bad7ddacb08fb50db",
          "status" : "passed",
          "time" : {
            "start" : 1586262122734,
            "stop" : 1586262123078,
            "duration" : 344
          },
          "flaky" : false,
          "newFailed" : false,
          "parameters" : [ "{'case_title': 'cnodejs项目', 'case_description': '/topic_collect/collect 收藏主题', 'case_url': 'https://cnodejs.org/api/v1/topic_collect/collect', 'case_method': 'post', 'case_headers': '', 'case_params': '', 'case_expect': '{\"success\": false}', 'other': '咱们没有用户 accessToken，所以返回为false就算对'}" ]
        }, {
          "name" : "cnodejs项目",
          "uid" : "6507c12f87c13d5f",
          "parentUid" : "fa6de9dd5acc829bad7ddacb08fb50db",
          "status" : "passed",
          "time" : {
            "start" : 1586262123149,
            "stop" : 1586262123560,
            "duration" : 411
          },
          "flaky" : false,
          "newFailed" : false,
          "parameters" : [ "{'case_title': 'cnodejs项目', 'case_description': 'post /topic_collect/de_collect 取消主题', 'case_url': 'https://cnodejs.org/api/v1/topic_collect/de_collect', 'case_method': 'post', 'case_headers': '', 'case_params': '', 'case_expect': '{\"success\": false}', 'other': '咱们没有用户 accessToken，所以返回为false就算对'}" ]
        }, {
          "name" : "cnodejs项目",
          "uid" : "94d1b2785ecf1071",
          "parentUid" : "fa6de9dd5acc829bad7ddacb08fb50db",
          "status" : "passed",
          "time" : {
            "start" : 1586262123579,
            "stop" : 1586262123981,
            "duration" : 402
          },
          "flaky" : false,
          "newFailed" : false,
          "parameters" : [ "{'case_title': 'cnodejs项目', 'case_description': '/user/:loginname 用户详情', 'case_url': 'https://cnodejs.org/api/v1/user/alsotang', 'case_method': 'get', 'case_headers': '', 'case_params': '', 'case_expect': '{\"success\":true}', 'other': ''}" ]
        }, {
          "name" : "cnodejs项目",
          "uid" : "f178cc029684a9bc",
          "parentUid" : "fa6de9dd5acc829bad7ddacb08fb50db",
          "status" : "passed",
          "time" : {
            "start" : 1586262123997,
            "stop" : 1586262124349,
            "duration" : 352
          },
          "flaky" : false,
          "newFailed" : false,
          "parameters" : [ "{'case_title': 'cnodejs项目', 'case_description': '/message/mark_all 标记全部已读', 'case_url': 'https://cnodejs.org/api/v1/message/mark_all', 'case_method': 'post', 'case_headers': '', 'case_params': '', 'case_expect': '{\"success\": false}', 'other': '咱们没有用户 accessToken，所以返回为false就算对'}" ]
        }, {
          "name" : "v2EX项目",
          "uid" : "3bf2b80518ff23f9",
          "parentUid" : "fa6de9dd5acc829bad7ddacb08fb50db",
          "status" : "failed",
          "time" : {
            "start" : 1586262124366,
            "stop" : 1586262167118,
            "duration" : 42752
          },
          "flaky" : false,
          "newFailed" : false,
          "parameters" : [ "{'case_title': 'v2EX项目', 'case_description': '获取网站信息', 'case_url': 'https://www.v2ex.com/api/site/info.json', 'case_method': 'get', 'case_headers': '', 'case_params': '', 'case_expect': '{\"title\" : \"v2EX\"}', 'other': ''}" ]
        }, {
          "name" : "test_case[item7]",
          "uid" : "ceec1b311cf6a2f6",
          "parentUid" : "fa6de9dd5acc829bad7ddacb08fb50db",
          "status" : "broken",
          "time" : {
            "start" : 1586262167611,
            "stop" : 1586262167755,
            "duration" : 144
          },
          "flaky" : false,
          "newFailed" : false,
          "parameters" : [ "{'case_title': '百度项目', 'case_description': '百度主页', 'case_url': 'https://www.baidu.com', 'case_method': 'get', 'case_headers': '', 'case_params': '', 'case_expect': '百度一下，你就知道2222', 'other': ''}" ]
        } ],
        "uid" : "fa6de9dd5acc829bad7ddacb08fb50db"
      } ],
      "uid" : "3475ebf69c31a33d03bad8f83ac096b8"
    } ],
    "uid" : "af586ea5ffb1b57fad0f98a55a6d147c"
  } ]
}