{
  "uid" : "ab17fc5a4eb3bca4b216b548c7f9fcbc",
  "name" : "timeline",
  "children" : [ {
    "name" : "zd1",
    "children" : [ {
      "name" : "5448-MainThread",
      "children" : [ {
        "name" : "cnodejs项目",
        "uid" : "fe026f04fbbed590",
        "parentUid" : "214f286a690fb99cd8b4e2f8a20bd296",
        "status" : "passed",
        "time" : {
          "start" : 1586252896208,
          "stop" : 1586252896680,
          "duration" : 472
        },
        "flaky" : false,
        "newFailed" : false,
        "parameters" : [ "{'case_title': 'cnodejs项目', 'case_description': '/user/:loginname 用户详情', 'case_url': 'https://cnodejs.org/api/v1/user/alsotang', 'case_method': 'get', 'case_headers': '', 'case_params': '', 'case_expect': '{\"success\":true}', 'other': ''}" ]
      }, {
        "name" : "v2EX项目",
        "uid" : "1e9a7cdde187c5ce",
        "parentUid" : "214f286a690fb99cd8b4e2f8a20bd296",
        "status" : "failed",
        "time" : {
          "start" : 1586252897064,
          "stop" : 1586252898994,
          "duration" : 1930
        },
        "flaky" : false,
        "newFailed" : false,
        "parameters" : [ "{'case_title': 'v2EX项目', 'case_description': '获取网站信息', 'case_url': 'https://www.v2ex.com/api/site/info.json', 'case_method': 'get', 'case_headers': '', 'case_params': '', 'case_expect': '{\"title\" : \"v2EX\"}', 'other': ''}" ]
      }, {
        "name" : "cnodejs项目",
        "uid" : "64ad0b3c9cf1f7f7",
        "parentUid" : "214f286a690fb99cd8b4e2f8a20bd296",
        "status" : "passed",
        "time" : {
          "start" : 1586252894826,
          "stop" : 1586252895442,
          "duration" : 616
        },
        "flaky" : false,
        "newFailed" : false,
        "parameters" : [ "{'case_title': 'cnodejs项目', 'case_description': 'get /topic/:id 主题详情', 'case_url': 'https://cnodejs.org/api/v1/topic/5433d5e4e737cbe96dcef312', 'case_method': 'get', 'case_headers': '', 'case_params': '', 'case_expect': '{\"success\":true}', 'other': ''}" ]
      }, {
        "name" : "cnodejs项目",
        "uid" : "e13c1f5e79e495f1",
        "parentUid" : "214f286a690fb99cd8b4e2f8a20bd296",
        "status" : "passed",
        "time" : {
          "start" : 1586252895457,
          "stop" : 1586252895818,
          "duration" : 361
        },
        "flaky" : false,
        "newFailed" : false,
        "parameters" : [ "{'case_title': 'cnodejs项目', 'case_description': '/topic_collect/collect 收藏主题', 'case_url': 'https://cnodejs.org/api/v1/topic_collect/collect', 'case_method': 'post', 'case_headers': '', 'case_params': '', 'case_expect': '{\"success\": false}', 'other': '咱们没有用户 accessToken，所以返回为false就算对'}" ]
      }, {
        "name" : "cnodejs项目",
        "uid" : "6b6594e8de746fb5",
        "parentUid" : "214f286a690fb99cd8b4e2f8a20bd296",
        "status" : "passed",
        "time" : {
          "start" : 1586252895833,
          "stop" : 1586252896193,
          "duration" : 360
        },
        "flaky" : false,
        "newFailed" : false,
        "parameters" : [ "{'case_title': 'cnodejs项目', 'case_description': 'post /topic_collect/de_collect 取消主题', 'case_url': 'https://cnodejs.org/api/v1/topic_collect/de_collect', 'case_method': 'post', 'case_headers': '', 'case_params': '', 'case_expect': '{\"success\": false}', 'other': '咱们没有用户 accessToken，所以返回为false就算对'}" ]
      }, {
        "name" : "cnodejs项目",
        "uid" : "e108686ec21ce992",
        "parentUid" : "214f286a690fb99cd8b4e2f8a20bd296",
        "status" : "passed",
        "time" : {
          "start" : 1586252894250,
          "stop" : 1586252894811,
          "duration" : 561
        },
        "flaky" : false,
        "newFailed" : false,
        "parameters" : [ "{'case_title': 'cnodejs项目', 'case_description': 'get /topics 主题首页', 'case_url': 'https://cnodejs.org/api/v1/topics', 'case_method': 'get', 'case_headers': '{\"User-agent\": \"Mozilla/5.0 (Windows NT 10.0; Win64; x64) AppleWebKit/537.36 (KHTML, like Gecko) Chrome/80.0.3987.106 Safari/537.36\"}', 'case_params': '', 'case_expect': '{\"success\":true}', 'other': ''}" ]
      }, {
        "name" : "test_case[item7]",
        "uid" : "39cbbd82a33631c5",
        "parentUid" : "214f286a690fb99cd8b4e2f8a20bd296",
        "status" : "broken",
        "time" : {
          "start" : 1586252899585,
          "stop" : 1586252899674,
          "duration" : 89
        },
        "flaky" : false,
        "newFailed" : false,
        "parameters" : [ "{'case_title': '百度项目', 'case_description': '百度主页', 'case_url': 'https://www.baidu.com', 'case_method': 'get', 'case_headers': '', 'case_params': '', 'case_expect': '百度一下，你就知道2222', 'other': ''}" ]
      }, {
        "name" : "cnodejs项目",
        "uid" : "1aff756bf4cb40a3",
        "parentUid" : "214f286a690fb99cd8b4e2f8a20bd296",
        "status" : "passed",
        "time" : {
          "start" : 1586252896695,
          "stop" : 1586252897049,
          "duration" : 354
        },
        "flaky" : false,
        "newFailed" : false,
        "parameters" : [ "{'case_title': 'cnodejs项目', 'case_description': '/message/mark_all 标记全部已读', 'case_url': 'https://cnodejs.org/api/v1/message/mark_all', 'case_method': 'post', 'case_headers': '', 'case_params': '', 'case_expect': '{\"success\": false}', 'other': '咱们没有用户 accessToken，所以返回为false就算对'}" ]
      } ],
      "uid" : "214f286a690fb99cd8b4e2f8a20bd296"
    }, {
      "name" : "10316-MainThread",
      "children" : [ {
        "name" : "cnodejs项目",
        "uid" : "a5574d5999f3cd8d",
        "parentUid" : "31c17f170674345d129e045012f81990",
        "status" : "passed",
        "time" : {
          "start" : 1586261504860,
          "stop" : 1586261505217,
          "duration" : 357
        },
        "flaky" : false,
        "newFailed" : false,
        "parameters" : [ "{'case_title': 'cnodejs项目', 'case_description': 'post /topic_collect/de_collect 取消主题', 'case_url': 'https://cnodejs.org/api/v1/topic_collect/de_collect', 'case_method': 'post', 'case_headers': '', 'case_params': '', 'case_expect': '{\"success\": false}', 'other': '咱们没有用户 accessToken，所以返回为false就算对'}" ]
      }, {
        "name" : "cnodejs项目",
        "uid" : "9e2df254af80a4c4",
        "parentUid" : "31c17f170674345d129e045012f81990",
        "status" : "passed",
        "time" : {
          "start" : 1586261503937,
          "stop" : 1586261504473,
          "duration" : 536
        },
        "flaky" : false,
        "newFailed" : false,
        "parameters" : [ "{'case_title': 'cnodejs项目', 'case_description': 'get /topic/:id 主题详情', 'case_url': 'https://cnodejs.org/api/v1/topic/5433d5e4e737cbe96dcef312', 'case_method': 'get', 'case_headers': '', 'case_params': '', 'case_expect': '{\"success\":true}', 'other': ''}" ]
      }, {
        "name" : "test_case[item7]",
        "uid" : "4684d5391b79018c",
        "parentUid" : "31c17f170674345d129e045012f81990",
        "status" : "broken",
        "time" : {
          "start" : 1586261507668,
          "stop" : 1586261507823,
          "duration" : 155
        },
        "flaky" : false,
        "newFailed" : false,
        "parameters" : [ "{'case_title': '百度项目', 'case_description': '百度主页', 'case_url': 'https://www.baidu.com', 'case_method': 'get', 'case_headers': '', 'case_params': '', 'case_expect': '百度一下，你就知道2222', 'other': ''}" ]
      }, {
        "name" : "v2EX项目",
        "uid" : "a496acd5c2a3595c",
        "parentUid" : "31c17f170674345d129e045012f81990",
        "status" : "failed",
        "time" : {
          "start" : 1586261506056,
          "stop" : 1586261507144,
          "duration" : 1088
        },
        "flaky" : false,
        "newFailed" : false,
        "parameters" : [ "{'case_title': 'v2EX项目', 'case_description': '获取网站信息', 'case_url': 'https://www.v2ex.com/api/site/info.json', 'case_method': 'get', 'case_headers': '', 'case_params': '', 'case_expect': '{\"title\" : \"v2EX\"}', 'other': ''}" ]
      }, {
        "name" : "cnodejs项目",
        "uid" : "97bd67c1c674c56a",
        "parentUid" : "31c17f170674345d129e045012f81990",
        "status" : "passed",
        "time" : {
          "start" : 1586261503328,
          "stop" : 1586261503899,
          "duration" : 571
        },
        "flaky" : false,
        "newFailed" : false,
        "parameters" : [ "{'case_title': 'cnodejs项目', 'case_description': 'get /topics 主题首页', 'case_url': 'https://cnodejs.org/api/v1/topics', 'case_method': 'get', 'case_headers': '{\"User-agent\": \"Mozilla/5.0 (Windows NT 10.0; Win64; x64) AppleWebKit/537.36 (KHTML, like Gecko) Chrome/80.0.3987.106 Safari/537.36\"}', 'case_params': '', 'case_expect': '{\"success\":true}', 'other': ''}" ]
      }, {
        "name" : "cnodejs项目",
        "uid" : "c3b8cd89272022cc",
        "parentUid" : "31c17f170674345d129e045012f81990",
        "status" : "passed",
        "time" : {
          "start" : 1586261504490,
          "stop" : 1586261504843,
          "duration" : 353
        },
        "flaky" : false,
        "newFailed" : false,
        "parameters" : [ "{'case_title': 'cnodejs项目', 'case_description': '/topic_collect/collect 收藏主题', 'case_url': 'https://cnodejs.org/api/v1/topic_collect/collect', 'case_method': 'post', 'case_headers': '', 'case_params': '', 'case_expect': '{\"success\": false}', 'other': '咱们没有用户 accessToken，所以返回为false就算对'}" ]
      }, {
        "name" : "cnodejs项目",
        "uid" : "7a8918ac4d966250",
        "parentUid" : "31c17f170674345d129e045012f81990",
        "status" : "passed",
        "time" : {
          "start" : 1586261505233,
          "stop" : 1586261505664,
          "duration" : 431
        },
        "flaky" : false,
        "newFailed" : false,
        "parameters" : [ "{'case_title': 'cnodejs项目', 'case_description': '/user/:loginname 用户详情', 'case_url': 'https://cnodejs.org/api/v1/user/alsotang', 'case_method': 'get', 'case_headers': '', 'case_params': '', 'case_expect': '{\"success\":true}', 'other': ''}" ]
      }, {
        "name" : "cnodejs项目",
        "uid" : "26689868d8dd47c3",
        "parentUid" : "31c17f170674345d129e045012f81990",
        "status" : "passed",
        "time" : {
          "start" : 1586261505679,
          "stop" : 1586261506039,
          "duration" : 360
        },
        "flaky" : false,
        "newFailed" : false,
        "parameters" : [ "{'case_title': 'cnodejs项目', 'case_description': '/message/mark_all 标记全部已读', 'case_url': 'https://cnodejs.org/api/v1/message/mark_all', 'case_method': 'post', 'case_headers': '', 'case_params': '', 'case_expect': '{\"success\": false}', 'other': '咱们没有用户 accessToken，所以返回为false就算对'}" ]
      } ],
      "uid" : "31c17f170674345d129e045012f81990"
    }, {
      "name" : "9284-MainThread",
      "children" : [ {
        "name" : "cnodejs项目",
        "uid" : "cc571d6d6c7dc915",
        "parentUid" : "ead6a2b2743fd51637ca602f79624bce",
        "status" : "passed",
        "time" : {
          "start" : 1586252330361,
          "stop" : 1586252330901,
          "duration" : 540
        },
        "flaky" : false,
        "newFailed" : false,
        "parameters" : [ "{'case_title': 'cnodejs项目', 'case_description': 'get /topics 主题首页', 'case_url': 'https://cnodejs.org/api/v1/topics', 'case_method': 'get', 'case_headers': '{\"User-agent\": \"Mozilla/5.0 (Windows NT 10.0; Win64; x64) AppleWebKit/537.36 (KHTML, like Gecko) Chrome/80.0.3987.106 Safari/537.36\"}', 'case_params': '', 'case_expect': '{\"success\":true}', 'other': ''}" ]
      }, {
        "name" : "test_case[item7]",
        "uid" : "9610817e6eac495f",
        "parentUid" : "ead6a2b2743fd51637ca602f79624bce",
        "status" : "broken",
        "time" : {
          "start" : 1586252334185,
          "stop" : 1586252334274,
          "duration" : 89
        },
        "flaky" : false,
        "newFailed" : false,
        "parameters" : [ "{'case_title': '百度项目', 'case_description': '百度主页', 'case_url': 'https://www.baidu.com', 'case_method': 'get', 'case_headers': '', 'case_params': '', 'case_expect': '百度一下，你就知道2222', 'other': ''}" ]
      }, {
        "name" : "cnodejs项目",
        "uid" : "b714df9af1624879",
        "parentUid" : "ead6a2b2743fd51637ca602f79624bce",
        "status" : "passed",
        "time" : {
          "start" : 1586252332698,
          "stop" : 1586252333048,
          "duration" : 350
        },
        "flaky" : false,
        "newFailed" : false,
        "parameters" : [ "{'case_title': 'cnodejs项目', 'case_description': '/message/mark_all 标记全部已读', 'case_url': 'https://cnodejs.org/api/v1/message/mark_all', 'case_method': 'post', 'case_headers': '', 'case_params': '', 'case_expect': '{\"success\": false}', 'other': '咱们没有用户 accessToken，所以返回为false就算对'}" ]
      }, {
        "name" : "v2EX项目",
        "uid" : "5b7dfb4680eae274",
        "parentUid" : "ead6a2b2743fd51637ca602f79624bce",
        "status" : "failed",
        "time" : {
          "start" : 1586252333060,
          "stop" : 1586252333764,
          "duration" : 704
        },
        "flaky" : false,
        "newFailed" : false,
        "parameters" : [ "{'case_title': 'v2EX项目', 'case_description': '获取网站信息', 'case_url': 'https://www.v2ex.com/api/site/info.json', 'case_method': 'get', 'case_headers': '', 'case_params': '', 'case_expect': '{\"title\" : \"v2EX\"}', 'other': ''}" ]
      }, {
        "name" : "cnodejs项目",
        "uid" : "cb4ef87f44fd34a3",
        "parentUid" : "ead6a2b2743fd51637ca602f79624bce",
        "status" : "passed",
        "time" : {
          "start" : 1586252332198,
          "stop" : 1586252332680,
          "duration" : 482
        },
        "flaky" : false,
        "newFailed" : false,
        "parameters" : [ "{'case_title': 'cnodejs项目', 'case_description': '/user/:loginname 用户详情', 'case_url': 'https://cnodejs.org/api/v1/user/alsotang', 'case_method': 'get', 'case_headers': '', 'case_params': '', 'case_expect': '{\"success\":true}', 'other': ''}" ]
      }, {
        "name" : "cnodejs项目",
        "uid" : "38817c7a9373fae4",
        "parentUid" : "ead6a2b2743fd51637ca602f79624bce",
        "status" : "passed",
        "time" : {
          "start" : 1586252330917,
          "stop" : 1586252331395,
          "duration" : 478
        },
        "flaky" : false,
        "newFailed" : false,
        "parameters" : [ "{'case_title': 'cnodejs项目', 'case_description': 'get /topic/:id 主题详情', 'case_url': 'https://cnodejs.org/api/v1/topic/5433d5e4e737cbe96dcef312', 'case_method': 'get', 'case_headers': '', 'case_params': '', 'case_expect': '{\"success\":true}', 'other': ''}" ]
      }, {
        "name" : "cnodejs项目",
        "uid" : "595b1d966330fc84",
        "parentUid" : "ead6a2b2743fd51637ca602f79624bce",
        "status" : "passed",
        "time" : {
          "start" : 1586252331410,
          "stop" : 1586252331816,
          "duration" : 406
        },
        "flaky" : false,
        "newFailed" : false,
        "parameters" : [ "{'case_title': 'cnodejs项目', 'case_description': '/topic_collect/collect 收藏主题', 'case_url': 'https://cnodejs.org/api/v1/topic_collect/collect', 'case_method': 'post', 'case_headers': '', 'case_params': '', 'case_expect': '{\"success\": false}', 'other': '咱们没有用户 accessToken，所以返回为false就算对'}" ]
      }, {
        "name" : "cnodejs项目",
        "uid" : "1761a81beaff164a",
        "parentUid" : "ead6a2b2743fd51637ca602f79624bce",
        "status" : "passed",
        "time" : {
          "start" : 1586252331831,
          "stop" : 1586252332181,
          "duration" : 350
        },
        "flaky" : false,
        "newFailed" : false,
        "parameters" : [ "{'case_title': 'cnodejs项目', 'case_description': 'post /topic_collect/de_collect 取消主题', 'case_url': 'https://cnodejs.org/api/v1/topic_collect/de_collect', 'case_method': 'post', 'case_headers': '', 'case_params': '', 'case_expect': '{\"success\": false}', 'other': '咱们没有用户 accessToken，所以返回为false就算对'}" ]
      } ],
      "uid" : "ead6a2b2743fd51637ca602f79624bce"
    }, {
      "name" : "8324-MainThread",
      "children" : [ {
        "name" : "cnodejs项目",
        "uid" : "bd182f31df7ab827",
        "parentUid" : "4d6f8b1d3227e5aceb7d47c746da77d3",
        "status" : "passed",
        "time" : {
          "start" : 1586261006261,
          "stop" : 1586261006603,
          "duration" : 342
        },
        "flaky" : false,
        "newFailed" : false,
        "parameters" : [ "{'case_title': 'cnodejs项目', 'case_description': 'post /topic_collect/de_collect 取消主题', 'case_url': 'https://cnodejs.org/api/v1/topic_collect/de_collect', 'case_method': 'post', 'case_headers': '', 'case_params': '', 'case_expect': '{\"success\": false}', 'other': '咱们没有用户 accessToken，所以返回为false就算对'}" ]
      }, {
        "name" : "test_case[item7]",
        "uid" : "6eea5d2d3d3be7fd",
        "parentUid" : "4d6f8b1d3227e5aceb7d47c746da77d3",
        "status" : "broken",
        "time" : {
          "start" : 1586261009589,
          "stop" : 1586261009720,
          "duration" : 131
        },
        "flaky" : false,
        "newFailed" : false,
        "parameters" : [ "{'case_title': '百度项目', 'case_description': '百度主页', 'case_url': 'https://www.baidu.com', 'case_method': 'get', 'case_headers': '', 'case_params': '', 'case_expect': '百度一下，你就知道2222', 'other': ''}" ]
      }, {
        "name" : "v2EX项目",
        "uid" : "c551946ddda74024",
        "parentUid" : "4d6f8b1d3227e5aceb7d47c746da77d3",
        "status" : "failed",
        "time" : {
          "start" : 1586261007519,
          "stop" : 1586261009143,
          "duration" : 1624
        },
        "flaky" : false,
        "newFailed" : false,
        "parameters" : [ "{'case_title': 'v2EX项目', 'case_description': '获取网站信息', 'case_url': 'https://www.v2ex.com/api/site/info.json', 'case_method': 'get', 'case_headers': '', 'case_params': '', 'case_expect': '{\"title\" : \"v2EX\"}', 'other': ''}" ]
      }, {
        "name" : "cnodejs项目",
        "uid" : "5a15daa6543c9cdc",
        "parentUid" : "4d6f8b1d3227e5aceb7d47c746da77d3",
        "status" : "passed",
        "time" : {
          "start" : 1586261007147,
          "stop" : 1586261007499,
          "duration" : 352
        },
        "flaky" : false,
        "newFailed" : false,
        "parameters" : [ "{'case_title': 'cnodejs项目', 'case_description': '/message/mark_all 标记全部已读', 'case_url': 'https://cnodejs.org/api/v1/message/mark_all', 'case_method': 'post', 'case_headers': '', 'case_params': '', 'case_expect': '{\"success\": false}', 'other': '咱们没有用户 accessToken，所以返回为false就算对'}" ]
      }, {
        "name" : "cnodejs项目",
        "uid" : "d6be2a841e42d10a",
        "parentUid" : "4d6f8b1d3227e5aceb7d47c746da77d3",
        "status" : "passed",
        "time" : {
          "start" : 1586261006618,
          "stop" : 1586261007132,
          "duration" : 514
        },
        "flaky" : false,
        "newFailed" : false,
        "parameters" : [ "{'case_title': 'cnodejs项目', 'case_description': '/user/:loginname 用户详情', 'case_url': 'https://cnodejs.org/api/v1/user/alsotang', 'case_method': 'get', 'case_headers': '', 'case_params': '', 'case_expect': '{\"success\":true}', 'other': ''}" ]
      }, {
        "name" : "cnodejs项目",
        "uid" : "a01069e3b10a5232",
        "parentUid" : "4d6f8b1d3227e5aceb7d47c746da77d3",
        "status" : "passed",
        "time" : {
          "start" : 1586261005906,
          "stop" : 1586261006247,
          "duration" : 341
        },
        "flaky" : false,
        "newFailed" : false,
        "parameters" : [ "{'case_title': 'cnodejs项目', 'case_description': '/topic_collect/collect 收藏主题', 'case_url': 'https://cnodejs.org/api/v1/topic_collect/collect', 'case_method': 'post', 'case_headers': '', 'case_params': '', 'case_expect': '{\"success\": false}', 'other': '咱们没有用户 accessToken，所以返回为false就算对'}" ]
      }, {
        "name" : "cnodejs项目",
        "uid" : "40ba5c76a05c73da",
        "parentUid" : "4d6f8b1d3227e5aceb7d47c746da77d3",
        "status" : "passed",
        "time" : {
          "start" : 1586261004775,
          "stop" : 1586261005387,
          "duration" : 612
        },
        "flaky" : false,
        "newFailed" : false,
        "parameters" : [ "{'case_title': 'cnodejs项目', 'case_description': 'get /topics 主题首页', 'case_url': 'https://cnodejs.org/api/v1/topics', 'case_method': 'get', 'case_headers': '{\"User-agent\": \"Mozilla/5.0 (Windows NT 10.0; Win64; x64) AppleWebKit/537.36 (KHTML, like Gecko) Chrome/80.0.3987.106 Safari/537.36\"}', 'case_params': '', 'case_expect': '{\"success\":true}', 'other': ''}" ]
      }, {
        "name" : "cnodejs项目",
        "uid" : "87fc6fd7526e2712",
        "parentUid" : "4d6f8b1d3227e5aceb7d47c746da77d3",
        "status" : "passed",
        "time" : {
          "start" : 1586261005408,
          "stop" : 1586261005860,
          "duration" : 452
        },
        "flaky" : false,
        "newFailed" : false,
        "parameters" : [ "{'case_title': 'cnodejs项目', 'case_description': 'get /topic/:id 主题详情', 'case_url': 'https://cnodejs.org/api/v1/topic/5433d5e4e737cbe96dcef312', 'case_method': 'get', 'case_headers': '', 'case_params': '', 'case_expect': '{\"success\":true}', 'other': ''}" ]
      } ],
      "uid" : "4d6f8b1d3227e5aceb7d47c746da77d3"
    }, {
      "name" : "10616-MainThread",
      "children" : [ {
        "name" : "v2EX项目",
        "uid" : "e55ee16f12bec3ed",
        "parentUid" : "ad7c88275d276328e1946fa0e33087e8",
        "status" : "failed",
        "time" : {
          "start" : 1586264918027,
          "stop" : 1586264928016,
          "duration" : 9989
        },
        "flaky" : false,
        "newFailed" : false,
        "parameters" : [ "{'case_title': 'v2EX项目', 'case_description': '获取网站信息', 'case_url': 'https://www.v2ex.com/api/site/info.json', 'case_method': 'get', 'case_headers': '', 'case_params': '', 'case_expect': '{\"title\" : \"v2EX\"}', 'other': ''}" ]
      }, {
        "name" : "test_case[item7]",
        "uid" : "374d47a7542e0eb1",
        "parentUid" : "ad7c88275d276328e1946fa0e33087e8",
        "status" : "broken",
        "time" : {
          "start" : 1586264928791,
          "stop" : 1586264928970,
          "duration" : 179
        },
        "flaky" : false,
        "newFailed" : false,
        "parameters" : [ "{'case_title': '百度项目', 'case_description': '百度主页', 'case_url': 'https://www.baidu.com', 'case_method': 'get', 'case_headers': '', 'case_params': '', 'case_expect': '百度一下，你就知道2222', 'other': ''}" ]
      }, {
        "name" : "cnodejs项目",
        "uid" : "afd780eb2fd5d76f",
        "parentUid" : "ad7c88275d276328e1946fa0e33087e8",
        "status" : "passed",
        "time" : {
          "start" : 1586264916226,
          "stop" : 1586264916644,
          "duration" : 418
        },
        "flaky" : false,
        "newFailed" : false,
        "parameters" : [ "{'case_title': 'cnodejs项目', 'case_description': '/topic_collect/collect 收藏主题', 'case_url': 'https://cnodejs.org/api/v1/topic_collect/collect', 'case_method': 'post', 'case_headers': '', 'case_params': '', 'case_expect': '{\"success\": false}', 'other': '咱们没有用户 accessToken，所以返回为false就算对'}" ]
      }, {
        "name" : "cnodejs项目",
        "uid" : "3843226162023a08",
        "parentUid" : "ad7c88275d276328e1946fa0e33087e8",
        "status" : "passed",
        "time" : {
          "start" : 1586264917111,
          "stop" : 1586264917588,
          "duration" : 477
        },
        "flaky" : false,
        "newFailed" : false,
        "parameters" : [ "{'case_title': 'cnodejs项目', 'case_description': '/user/:loginname 用户详情', 'case_url': 'https://cnodejs.org/api/v1/user/alsotang', 'case_method': 'get', 'case_headers': '', 'case_params': '', 'case_expect': '{\"success\":true}', 'other': ''}" ]
      }, {
        "name" : "cnodejs项目",
        "uid" : "3cbde61a2436f969",
        "parentUid" : "ad7c88275d276328e1946fa0e33087e8",
        "status" : "passed",
        "time" : {
          "start" : 1586264916656,
          "stop" : 1586264917100,
          "duration" : 444
        },
        "flaky" : false,
        "newFailed" : false,
        "parameters" : [ "{'case_title': 'cnodejs项目', 'case_description': 'post /topic_collect/de_collect 取消主题', 'case_url': 'https://cnodejs.org/api/v1/topic_collect/de_collect', 'case_method': 'post', 'case_headers': '', 'case_params': '', 'case_expect': '{\"success\": false}', 'other': '咱们没有用户 accessToken，所以返回为false就算对'}" ]
      }, {
        "name" : "cnodejs项目",
        "uid" : "fe9001fbe41c074b",
        "parentUid" : "ad7c88275d276328e1946fa0e33087e8",
        "status" : "passed",
        "time" : {
          "start" : 1586264915507,
          "stop" : 1586264916213,
          "duration" : 706
        },
        "flaky" : false,
        "newFailed" : false,
        "parameters" : [ "{'case_title': 'cnodejs项目', 'case_description': 'get /topic/:id 主题详情', 'case_url': 'https://cnodejs.org/api/v1/topic/5433d5e4e737cbe96dcef312', 'case_method': 'get', 'case_headers': '', 'case_params': '', 'case_expect': '{\"success\":true}', 'other': ''}" ]
      }, {
        "name" : "cnodejs项目",
        "uid" : "983f749fb2834590",
        "parentUid" : "ad7c88275d276328e1946fa0e33087e8",
        "status" : "passed",
        "time" : {
          "start" : 1586264914658,
          "stop" : 1586264915495,
          "duration" : 837
        },
        "flaky" : false,
        "newFailed" : false,
        "parameters" : [ "{'case_title': 'cnodejs项目', 'case_description': 'get /topics 主题首页', 'case_url': 'https://cnodejs.org/api/v1/topics', 'case_method': 'get', 'case_headers': '{\"User-agent\": \"Mozilla/5.0 (Windows NT 10.0; Win64; x64) AppleWebKit/537.36 (KHTML, like Gecko) Chrome/80.0.3987.106 Safari/537.36\"}', 'case_params': '', 'case_expect': '{\"success\":true}', 'other': ''}" ]
      }, {
        "name" : "cnodejs项目",
        "uid" : "8d5e9347d25ae953",
        "parentUid" : "ad7c88275d276328e1946fa0e33087e8",
        "status" : "passed",
        "time" : {
          "start" : 1586264917598,
          "stop" : 1586264918016,
          "duration" : 418
        },
        "flaky" : false,
        "newFailed" : false,
        "parameters" : [ "{'case_title': 'cnodejs项目', 'case_description': '/message/mark_all 标记全部已读', 'case_url': 'https://cnodejs.org/api/v1/message/mark_all', 'case_method': 'post', 'case_headers': '', 'case_params': '', 'case_expect': '{\"success\": false}', 'other': '咱们没有用户 accessToken，所以返回为false就算对'}" ]
      } ],
      "uid" : "ad7c88275d276328e1946fa0e33087e8"
    }, {
      "name" : "9600-MainThread",
      "children" : [ {
        "name" : "test_case[item7]",
        "uid" : "f1e6d29dcd2d5ba",
        "parentUid" : "bad096170802eb772a35db56d4ec20c8",
        "status" : "broken",
        "time" : {
          "start" : 1586260731293,
          "stop" : 1586260732431,
          "duration" : 1138
        },
        "flaky" : false,
        "newFailed" : false,
        "parameters" : [ "{'case_title': '百度项目', 'case_description': '百度主页', 'case_url': 'https://www.baidu.com', 'case_method': 'get', 'case_headers': '', 'case_params': '', 'case_expect': '百度一下，你就知道2222', 'other': ''}" ]
      }, {
        "name" : "cnodejs项目",
        "uid" : "6a98d4367d4504fd",
        "parentUid" : "bad096170802eb772a35db56d4ec20c8",
        "status" : "passed",
        "time" : {
          "start" : 1586260726525,
          "stop" : 1586260727079,
          "duration" : 554
        },
        "flaky" : false,
        "newFailed" : false,
        "parameters" : [ "{'case_title': 'cnodejs项目', 'case_description': 'get /topic/:id 主题详情', 'case_url': 'https://cnodejs.org/api/v1/topic/5433d5e4e737cbe96dcef312', 'case_method': 'get', 'case_headers': '', 'case_params': '', 'case_expect': '{\"success\":true}', 'other': ''}" ]
      }, {
        "name" : "cnodejs项目",
        "uid" : "e1f92434e361b499",
        "parentUid" : "bad096170802eb772a35db56d4ec20c8",
        "status" : "passed",
        "time" : {
          "start" : 1586260728522,
          "stop" : 1586260728866,
          "duration" : 344
        },
        "flaky" : false,
        "newFailed" : false,
        "parameters" : [ "{'case_title': 'cnodejs项目', 'case_description': '/message/mark_all 标记全部已读', 'case_url': 'https://cnodejs.org/api/v1/message/mark_all', 'case_method': 'post', 'case_headers': '', 'case_params': '', 'case_expect': '{\"success\": false}', 'other': '咱们没有用户 accessToken，所以返回为false就算对'}" ]
      }, {
        "name" : "cnodejs项目",
        "uid" : "ec00c7e9f3601297",
        "parentUid" : "bad096170802eb772a35db56d4ec20c8",
        "status" : "passed",
        "time" : {
          "start" : 1586260725782,
          "stop" : 1586260726510,
          "duration" : 728
        },
        "flaky" : false,
        "newFailed" : false,
        "parameters" : [ "{'case_title': 'cnodejs项目', 'case_description': 'get /topics 主题首页', 'case_url': 'https://cnodejs.org/api/v1/topics', 'case_method': 'get', 'case_headers': '{\"User-agent\": \"Mozilla/5.0 (Windows NT 10.0; Win64; x64) AppleWebKit/537.36 (KHTML, like Gecko) Chrome/80.0.3987.106 Safari/537.36\"}', 'case_params': '', 'case_expect': '{\"success\":true}', 'other': ''}" ]
      }, {
        "name" : "cnodejs项目",
        "uid" : "be90b50b5c555af8",
        "parentUid" : "bad096170802eb772a35db56d4ec20c8",
        "status" : "passed",
        "time" : {
          "start" : 1586260727121,
          "stop" : 1586260727511,
          "duration" : 390
        },
        "flaky" : false,
        "newFailed" : false,
        "parameters" : [ "{'case_title': 'cnodejs项目', 'case_description': '/topic_collect/collect 收藏主题', 'case_url': 'https://cnodejs.org/api/v1/topic_collect/collect', 'case_method': 'post', 'case_headers': '', 'case_params': '', 'case_expect': '{\"success\": false}', 'other': '咱们没有用户 accessToken，所以返回为false就算对'}" ]
      }, {
        "name" : "v2EX项目",
        "uid" : "5d71a582a9e86a67",
        "parentUid" : "bad096170802eb772a35db56d4ec20c8",
        "status" : "failed",
        "time" : {
          "start" : 1586260728882,
          "stop" : 1586260730747,
          "duration" : 1865
        },
        "flaky" : false,
        "newFailed" : false,
        "parameters" : [ "{'case_title': 'v2EX项目', 'case_description': '获取网站信息', 'case_url': 'https://www.v2ex.com/api/site/info.json', 'case_method': 'get', 'case_headers': '', 'case_params': '', 'case_expect': '{\"title\" : \"v2EX\"}', 'other': ''}" ]
      }, {
        "name" : "cnodejs项目",
        "uid" : "29daf38042402bdf",
        "parentUid" : "bad096170802eb772a35db56d4ec20c8",
        "status" : "passed",
        "time" : {
          "start" : 1586260727585,
          "stop" : 1586260727974,
          "duration" : 389
        },
        "flaky" : false,
        "newFailed" : false,
        "parameters" : [ "{'case_title': 'cnodejs项目', 'case_description': 'post /topic_collect/de_collect 取消主题', 'case_url': 'https://cnodejs.org/api/v1/topic_collect/de_collect', 'case_method': 'post', 'case_headers': '', 'case_params': '', 'case_expect': '{\"success\": false}', 'other': '咱们没有用户 accessToken，所以返回为false就算对'}" ]
      }, {
        "name" : "cnodejs项目",
        "uid" : "76cd4170abab1d07",
        "parentUid" : "bad096170802eb772a35db56d4ec20c8",
        "status" : "passed",
        "time" : {
          "start" : 1586260727991,
          "stop" : 1586260728506,
          "duration" : 515
        },
        "flaky" : false,
        "newFailed" : false,
        "parameters" : [ "{'case_title': 'cnodejs项目', 'case_description': '/user/:loginname 用户详情', 'case_url': 'https://cnodejs.org/api/v1/user/alsotang', 'case_method': 'get', 'case_headers': '', 'case_params': '', 'case_expect': '{\"success\":true}', 'other': ''}" ]
      } ],
      "uid" : "bad096170802eb772a35db56d4ec20c8"
    }, {
      "name" : "10840-MainThread",
      "children" : [ {
        "name" : "cnodejs项目",
        "uid" : "3d6003fe728933e4",
        "parentUid" : "f39c5e26ed4f23cff9b0c17cf087d034",
        "status" : "passed",
        "time" : {
          "start" : 1586262123149,
          "stop" : 1586262123560,
          "duration" : 411
        },
        "flaky" : false,
        "newFailed" : false,
        "parameters" : [ "{'case_title': 'cnodejs项目', 'case_description': 'post /topic_collect/de_collect 取消主题', 'case_url': 'https://cnodejs.org/api/v1/topic_collect/de_collect', 'case_method': 'post', 'case_headers': '', 'case_params': '', 'case_expect': '{\"success\": false}', 'other': '咱们没有用户 accessToken，所以返回为false就算对'}" ]
      }, {
        "name" : "test_case[item7]",
        "uid" : "5f7a07102375ab6f",
        "parentUid" : "f39c5e26ed4f23cff9b0c17cf087d034",
        "status" : "broken",
        "time" : {
          "start" : 1586262167611,
          "stop" : 1586262167755,
          "duration" : 144
        },
        "flaky" : false,
        "newFailed" : false,
        "parameters" : [ "{'case_title': '百度项目', 'case_description': '百度主页', 'case_url': 'https://www.baidu.com', 'case_method': 'get', 'case_headers': '', 'case_params': '', 'case_expect': '百度一下，你就知道2222', 'other': ''}" ]
      }, {
        "name" : "cnodejs项目",
        "uid" : "a97709bf2ccaab3c",
        "parentUid" : "f39c5e26ed4f23cff9b0c17cf087d034",
        "status" : "passed",
        "time" : {
          "start" : 1586262122734,
          "stop" : 1586262123078,
          "duration" : 344
        },
        "flaky" : false,
        "newFailed" : false,
        "parameters" : [ "{'case_title': 'cnodejs项目', 'case_description': '/topic_collect/collect 收藏主题', 'case_url': 'https://cnodejs.org/api/v1/topic_collect/collect', 'case_method': 'post', 'case_headers': '', 'case_params': '', 'case_expect': '{\"success\": false}', 'other': '咱们没有用户 accessToken，所以返回为false就算对'}" ]
      }, {
        "name" : "cnodejs项目",
        "uid" : "1fa10724c27a9f8b",
        "parentUid" : "f39c5e26ed4f23cff9b0c17cf087d034",
        "status" : "passed",
        "time" : {
          "start" : 1586262121683,
          "stop" : 1586262122265,
          "duration" : 582
        },
        "flaky" : false,
        "newFailed" : false,
        "parameters" : [ "{'case_title': 'cnodejs项目', 'case_description': 'get /topics 主题首页', 'case_url': 'https://cnodejs.org/api/v1/topics', 'case_method': 'get', 'case_headers': '{\"User-agent\": \"Mozilla/5.0 (Windows NT 10.0; Win64; x64) AppleWebKit/537.36 (KHTML, like Gecko) Chrome/80.0.3987.106 Safari/537.36\"}', 'case_params': '', 'case_expect': '{\"success\":true}', 'other': ''}" ]
      }, {
        "name" : "v2EX项目",
        "uid" : "3256924cfb556568",
        "parentUid" : "f39c5e26ed4f23cff9b0c17cf087d034",
        "status" : "failed",
        "time" : {
          "start" : 1586262124366,
          "stop" : 1586262167118,
          "duration" : 42752
        },
        "flaky" : false,
        "newFailed" : false,
        "parameters" : [ "{'case_title': 'v2EX项目', 'case_description': '获取网站信息', 'case_url': 'https://www.v2ex.com/api/site/info.json', 'case_method': 'get', 'case_headers': '', 'case_params': '', 'case_expect': '{\"title\" : \"v2EX\"}', 'other': ''}" ]
      }, {
        "name" : "cnodejs项目",
        "uid" : "a89c281e691a185e",
        "parentUid" : "f39c5e26ed4f23cff9b0c17cf087d034",
        "status" : "passed",
        "time" : {
          "start" : 1586262123579,
          "stop" : 1586262123981,
          "duration" : 402
        },
        "flaky" : false,
        "newFailed" : false,
        "parameters" : [ "{'case_title': 'cnodejs项目', 'case_description': '/user/:loginname 用户详情', 'case_url': 'https://cnodejs.org/api/v1/user/alsotang', 'case_method': 'get', 'case_headers': '', 'case_params': '', 'case_expect': '{\"success\":true}', 'other': ''}" ]
      }, {
        "name" : "cnodejs项目",
        "uid" : "c662f41b98462e86",
        "parentUid" : "f39c5e26ed4f23cff9b0c17cf087d034",
        "status" : "passed",
        "time" : {
          "start" : 1586262122283,
          "stop" : 1586262122720,
          "duration" : 437
        },
        "flaky" : false,
        "newFailed" : false,
        "parameters" : [ "{'case_title': 'cnodejs项目', 'case_description': 'get /topic/:id 主题详情', 'case_url': 'https://cnodejs.org/api/v1/topic/5433d5e4e737cbe96dcef312', 'case_method': 'get', 'case_headers': '', 'case_params': '', 'case_expect': '{\"success\":true}', 'other': ''}" ]
      }, {
        "name" : "cnodejs项目",
        "uid" : "b7050ee184968c62",
        "parentUid" : "f39c5e26ed4f23cff9b0c17cf087d034",
        "status" : "passed",
        "time" : {
          "start" : 1586262123997,
          "stop" : 1586262124349,
          "duration" : 352
        },
        "flaky" : false,
        "newFailed" : false,
        "parameters" : [ "{'case_title': 'cnodejs项目', 'case_description': '/message/mark_all 标记全部已读', 'case_url': 'https://cnodejs.org/api/v1/message/mark_all', 'case_method': 'post', 'case_headers': '', 'case_params': '', 'case_expect': '{\"success\": false}', 'other': '咱们没有用户 accessToken，所以返回为false就算对'}" ]
      } ],
      "uid" : "f39c5e26ed4f23cff9b0c17cf087d034"
    }, {
      "name" : "8124-MainThread",
      "children" : [ {
        "name" : "test_case[item7]",
        "uid" : "c3d9fe789d9b2189",
        "parentUid" : "ce4abf90d4e39a606f8df7ababc6a927",
        "status" : "broken",
        "time" : {
          "start" : 1586261364865,
          "stop" : 1586261365001,
          "duration" : 136
        },
        "flaky" : false,
        "newFailed" : false,
        "parameters" : [ "{'case_title': '百度项目', 'case_description': '百度主页', 'case_url': 'https://www.baidu.com', 'case_method': 'get', 'case_headers': '', 'case_params': '', 'case_expect': '百度一下，你就知道2222', 'other': ''}" ]
      }, {
        "name" : "v2EX项目",
        "uid" : "39fc978826138d78",
        "parentUid" : "ce4abf90d4e39a606f8df7ababc6a927",
        "status" : "failed",
        "time" : {
          "start" : 1586261362526,
          "stop" : 1586261364411,
          "duration" : 1885
        },
        "flaky" : false,
        "newFailed" : false,
        "parameters" : [ "{'case_title': 'v2EX项目', 'case_description': '获取网站信息', 'case_url': 'https://www.v2ex.com/api/site/info.json', 'case_method': 'get', 'case_headers': '', 'case_params': '', 'case_expect': '{\"title\" : \"v2EX\"}', 'other': ''}" ]
      }, {
        "name" : "cnodejs项目",
        "uid" : "f7c5a72def5f46c5",
        "parentUid" : "ce4abf90d4e39a606f8df7ababc6a927",
        "status" : "passed",
        "time" : {
          "start" : 1586261360347,
          "stop" : 1586261360794,
          "duration" : 447
        },
        "flaky" : false,
        "newFailed" : false,
        "parameters" : [ "{'case_title': 'cnodejs项目', 'case_description': 'get /topic/:id 主题详情', 'case_url': 'https://cnodejs.org/api/v1/topic/5433d5e4e737cbe96dcef312', 'case_method': 'get', 'case_headers': '', 'case_params': '', 'case_expect': '{\"success\":true}', 'other': ''}" ]
      }, {
        "name" : "cnodejs项目",
        "uid" : "8316930488904725",
        "parentUid" : "ce4abf90d4e39a606f8df7ababc6a927",
        "status" : "passed",
        "time" : {
          "start" : 1586261359741,
          "stop" : 1586261360331,
          "duration" : 590
        },
        "flaky" : false,
        "newFailed" : false,
        "parameters" : [ "{'case_title': 'cnodejs项目', 'case_description': 'get /topics 主题首页', 'case_url': 'https://cnodejs.org/api/v1/topics', 'case_method': 'get', 'case_headers': '{\"User-agent\": \"Mozilla/5.0 (Windows NT 10.0; Win64; x64) AppleWebKit/537.36 (KHTML, like Gecko) Chrome/80.0.3987.106 Safari/537.36\"}', 'case_params': '', 'case_expect': '{\"success\":true}', 'other': ''}" ]
      }, {
        "name" : "cnodejs项目",
        "uid" : "bd8c83058ffb9fae",
        "parentUid" : "ce4abf90d4e39a606f8df7ababc6a927",
        "status" : "passed",
        "time" : {
          "start" : 1586261361579,
          "stop" : 1586261362056,
          "duration" : 477
        },
        "flaky" : false,
        "newFailed" : false,
        "parameters" : [ "{'case_title': 'cnodejs项目', 'case_description': '/user/:loginname 用户详情', 'case_url': 'https://cnodejs.org/api/v1/user/alsotang', 'case_method': 'get', 'case_headers': '', 'case_params': '', 'case_expect': '{\"success\":true}', 'other': ''}" ]
      }, {
        "name" : "cnodejs项目",
        "uid" : "5ef5758a590cf944",
        "parentUid" : "ce4abf90d4e39a606f8df7ababc6a927",
        "status" : "passed",
        "time" : {
          "start" : 1586261362072,
          "stop" : 1586261362486,
          "duration" : 414
        },
        "flaky" : false,
        "newFailed" : false,
        "parameters" : [ "{'case_title': 'cnodejs项目', 'case_description': '/message/mark_all 标记全部已读', 'case_url': 'https://cnodejs.org/api/v1/message/mark_all', 'case_method': 'post', 'case_headers': '', 'case_params': '', 'case_expect': '{\"success\": false}', 'other': '咱们没有用户 accessToken，所以返回为false就算对'}" ]
      }, {
        "name" : "cnodejs项目",
        "uid" : "ecb60d7d8e0de929",
        "parentUid" : "ce4abf90d4e39a606f8df7ababc6a927",
        "status" : "passed",
        "time" : {
          "start" : 1586261360809,
          "stop" : 1586261361150,
          "duration" : 341
        },
        "flaky" : false,
        "newFailed" : false,
        "parameters" : [ "{'case_title': 'cnodejs项目', 'case_description': '/topic_collect/collect 收藏主题', 'case_url': 'https://cnodejs.org/api/v1/topic_collect/collect', 'case_method': 'post', 'case_headers': '', 'case_params': '', 'case_expect': '{\"success\": false}', 'other': '咱们没有用户 accessToken，所以返回为false就算对'}" ]
      }, {
        "name" : "cnodejs项目",
        "uid" : "15a8c30a1f924494",
        "parentUid" : "ce4abf90d4e39a606f8df7ababc6a927",
        "status" : "passed",
        "time" : {
          "start" : 1586261361188,
          "stop" : 1586261361563,
          "duration" : 375
        },
        "flaky" : false,
        "newFailed" : false,
        "parameters" : [ "{'case_title': 'cnodejs项目', 'case_description': 'post /topic_collect/de_collect 取消主题', 'case_url': 'https://cnodejs.org/api/v1/topic_collect/de_collect', 'case_method': 'post', 'case_headers': '', 'case_params': '', 'case_expect': '{\"success\": false}', 'other': '咱们没有用户 accessToken，所以返回为false就算对'}" ]
      } ],
      "uid" : "ce4abf90d4e39a606f8df7ababc6a927"
    } ],
    "uid" : "ae69949a05e239f818f595f8457ac6cc"
  } ]
}