{
  "uid" : "ab17fc5a4eb3bca4b216b548c7f9fcbc",
  "name" : "timeline",
  "children" : [ {
    "name" : "zd1",
    "children" : [ {
      "name" : "10840-MainThread",
      "children" : [ {
        "name" : "cnodejs项目",
        "uid" : "f178cc029684a9bc",
        "parentUid" : "f39c5e26ed4f23cff9b0c17cf087d034",
        "status" : "passed",
        "time" : {
          "start" : 1586262123997,
          "stop" : 1586262124349,
          "duration" : 352
        },
        "flaky" : false,
        "newFailed" : false,
        "parameters" : [ "{'case_title': 'cnodejs项目', 'case_description': '/message/mark_all 标记全部已读', 'case_url': 'https://cnodejs.org/api/v1/message/mark_all', 'case_method': 'post', 'case_headers': '', 'case_params': '', 'case_expect': '{\"success\": false}', 'other': '咱们没有用户 accessToken，所以返回为false就算对'}" ]
      }, {
        "name" : "cnodejs项目",
        "uid" : "e64edb2ad9ab78a7",
        "parentUid" : "f39c5e26ed4f23cff9b0c17cf087d034",
        "status" : "passed",
        "time" : {
          "start" : 1586262122734,
          "stop" : 1586262123078,
          "duration" : 344
        },
        "flaky" : false,
        "newFailed" : false,
        "parameters" : [ "{'case_title': 'cnodejs项目', 'case_description': '/topic_collect/collect 收藏主题', 'case_url': 'https://cnodejs.org/api/v1/topic_collect/collect', 'case_method': 'post', 'case_headers': '', 'case_params': '', 'case_expect': '{\"success\": false}', 'other': '咱们没有用户 accessToken，所以返回为false就算对'}" ]
      }, {
        "name" : "cnodejs项目",
        "uid" : "a04ed8a953a6ec0d",
        "parentUid" : "f39c5e26ed4f23cff9b0c17cf087d034",
        "status" : "passed",
        "time" : {
          "start" : 1586262121683,
          "stop" : 1586262122265,
          "duration" : 582
        },
        "flaky" : false,
        "newFailed" : false,
        "parameters" : [ "{'case_title': 'cnodejs项目', 'case_description': 'get /topics 主题首页', 'case_url': 'https://cnodejs.org/api/v1/topics', 'case_method': 'get', 'case_headers': '{\"User-agent\": \"Mozilla/5.0 (Windows NT 10.0; Win64; x64) AppleWebKit/537.36 (KHTML, like Gecko) Chrome/80.0.3987.106 Safari/537.36\"}', 'case_params': '', 'case_expect': '{\"success\":true}', 'other': ''}" ]
      }, {
        "name" : "cnodejs项目",
        "uid" : "94d1b2785ecf1071",
        "parentUid" : "f39c5e26ed4f23cff9b0c17cf087d034",
        "status" : "passed",
        "time" : {
          "start" : 1586262123579,
          "stop" : 1586262123981,
          "duration" : 402
        },
        "flaky" : false,
        "newFailed" : false,
        "parameters" : [ "{'case_title': 'cnodejs项目', 'case_description': '/user/:loginname 用户详情', 'case_url': 'https://cnodejs.org/api/v1/user/alsotang', 'case_method': 'get', 'case_headers': '', 'case_params': '', 'case_expect': '{\"success\":true}', 'other': ''}" ]
      }, {
        "name" : "cnodejs项目",
        "uid" : "6507c12f87c13d5f",
        "parentUid" : "f39c5e26ed4f23cff9b0c17cf087d034",
        "status" : "passed",
        "time" : {
          "start" : 1586262123149,
          "stop" : 1586262123560,
          "duration" : 411
        },
        "flaky" : false,
        "newFailed" : false,
        "parameters" : [ "{'case_title': 'cnodejs项目', 'case_description': 'post /topic_collect/de_collect 取消主题', 'case_url': 'https://cnodejs.org/api/v1/topic_collect/de_collect', 'case_method': 'post', 'case_headers': '', 'case_params': '', 'case_expect': '{\"success\": false}', 'other': '咱们没有用户 accessToken，所以返回为false就算对'}" ]
      }, {
        "name" : "test_case[item7]",
        "uid" : "ceec1b311cf6a2f6",
        "parentUid" : "f39c5e26ed4f23cff9b0c17cf087d034",
        "status" : "broken",
        "time" : {
          "start" : 1586262167611,
          "stop" : 1586262167755,
          "duration" : 144
        },
        "flaky" : false,
        "newFailed" : false,
        "parameters" : [ "{'case_title': '百度项目', 'case_description': '百度主页', 'case_url': 'https://www.baidu.com', 'case_method': 'get', 'case_headers': '', 'case_params': '', 'case_expect': '百度一下，你就知道2222', 'other': ''}" ]
      }, {
        "name" : "v2EX项目",
        "uid" : "3bf2b80518ff23f9",
        "parentUid" : "f39c5e26ed4f23cff9b0c17cf087d034",
        "status" : "failed",
        "time" : {
          "start" : 1586262124366,
          "stop" : 1586262167118,
          "duration" : 42752
        },
        "flaky" : false,
        "newFailed" : false,
        "parameters" : [ "{'case_title': 'v2EX项目', 'case_description': '获取网站信息', 'case_url': 'https://www.v2ex.com/api/site/info.json', 'case_method': 'get', 'case_headers': '', 'case_params': '', 'case_expect': '{\"title\" : \"v2EX\"}', 'other': ''}" ]
      }, {
        "name" : "cnodejs项目",
        "uid" : "699f1edd3614adba",
        "parentUid" : "f39c5e26ed4f23cff9b0c17cf087d034",
        "status" : "passed",
        "time" : {
          "start" : 1586262122283,
          "stop" : 1586262122720,
          "duration" : 437
        },
        "flaky" : false,
        "newFailed" : false,
        "parameters" : [ "{'case_title': 'cnodejs项目', 'case_description': 'get /topic/:id 主题详情', 'case_url': 'https://cnodejs.org/api/v1/topic/5433d5e4e737cbe96dcef312', 'case_method': 'get', 'case_headers': '', 'case_params': '', 'case_expect': '{\"success\":true}', 'other': ''}" ]
      } ],
      "uid" : "f39c5e26ed4f23cff9b0c17cf087d034"
    }, {
      "name" : "5448-MainThread",
      "children" : [ {
        "name" : "cnodejs项目",
        "uid" : "e4c8f2769df36121",
        "parentUid" : "214f286a690fb99cd8b4e2f8a20bd296",
        "status" : "passed",
        "time" : {
          "start" : 1586252896208,
          "stop" : 1586252896680,
          "duration" : 472
        },
        "flaky" : false,
        "newFailed" : false,
        "parameters" : [ "{'case_title': 'cnodejs项目', 'case_description': '/user/:loginname 用户详情', 'case_url': 'https://cnodejs.org/api/v1/user/alsotang', 'case_method': 'get', 'case_headers': '', 'case_params': '', 'case_expect': '{\"success\":true}', 'other': ''}" ]
      }, {
        "name" : "cnodejs项目",
        "uid" : "8fbf51bd92a6bb34",
        "parentUid" : "214f286a690fb99cd8b4e2f8a20bd296",
        "status" : "passed",
        "time" : {
          "start" : 1586252894250,
          "stop" : 1586252894811,
          "duration" : 561
        },
        "flaky" : false,
        "newFailed" : false,
        "parameters" : [ "{'case_title': 'cnodejs项目', 'case_description': 'get /topics 主题首页', 'case_url': 'https://cnodejs.org/api/v1/topics', 'case_method': 'get', 'case_headers': '{\"User-agent\": \"Mozilla/5.0 (Windows NT 10.0; Win64; x64) AppleWebKit/537.36 (KHTML, like Gecko) Chrome/80.0.3987.106 Safari/537.36\"}', 'case_params': '', 'case_expect': '{\"success\":true}', 'other': ''}" ]
      }, {
        "name" : "test_case[item7]",
        "uid" : "a4df518b58e6f49d",
        "parentUid" : "214f286a690fb99cd8b4e2f8a20bd296",
        "status" : "broken",
        "time" : {
          "start" : 1586252899585,
          "stop" : 1586252899674,
          "duration" : 89
        },
        "flaky" : false,
        "newFailed" : false,
        "parameters" : [ "{'case_title': '百度项目', 'case_description': '百度主页', 'case_url': 'https://www.baidu.com', 'case_method': 'get', 'case_headers': '', 'case_params': '', 'case_expect': '百度一下，你就知道2222', 'other': ''}" ]
      }, {
        "name" : "cnodejs项目",
        "uid" : "c8d4b794efcd39c4",
        "parentUid" : "214f286a690fb99cd8b4e2f8a20bd296",
        "status" : "passed",
        "time" : {
          "start" : 1586252896695,
          "stop" : 1586252897049,
          "duration" : 354
        },
        "flaky" : false,
        "newFailed" : false,
        "parameters" : [ "{'case_title': 'cnodejs项目', 'case_description': '/message/mark_all 标记全部已读', 'case_url': 'https://cnodejs.org/api/v1/message/mark_all', 'case_method': 'post', 'case_headers': '', 'case_params': '', 'case_expect': '{\"success\": false}', 'other': '咱们没有用户 accessToken，所以返回为false就算对'}" ]
      }, {
        "name" : "cnodejs项目",
        "uid" : "f5c4fca9e251f9bc",
        "parentUid" : "214f286a690fb99cd8b4e2f8a20bd296",
        "status" : "passed",
        "time" : {
          "start" : 1586252895457,
          "stop" : 1586252895818,
          "duration" : 361
        },
        "flaky" : false,
        "newFailed" : false,
        "parameters" : [ "{'case_title': 'cnodejs项目', 'case_description': '/topic_collect/collect 收藏主题', 'case_url': 'https://cnodejs.org/api/v1/topic_collect/collect', 'case_method': 'post', 'case_headers': '', 'case_params': '', 'case_expect': '{\"success\": false}', 'other': '咱们没有用户 accessToken，所以返回为false就算对'}" ]
      }, {
        "name" : "cnodejs项目",
        "uid" : "d921cfd3a6991694",
        "parentUid" : "214f286a690fb99cd8b4e2f8a20bd296",
        "status" : "passed",
        "time" : {
          "start" : 1586252895833,
          "stop" : 1586252896193,
          "duration" : 360
        },
        "flaky" : false,
        "newFailed" : false,
        "parameters" : [ "{'case_title': 'cnodejs项目', 'case_description': 'post /topic_collect/de_collect 取消主题', 'case_url': 'https://cnodejs.org/api/v1/topic_collect/de_collect', 'case_method': 'post', 'case_headers': '', 'case_params': '', 'case_expect': '{\"success\": false}', 'other': '咱们没有用户 accessToken，所以返回为false就算对'}" ]
      }, {
        "name" : "v2EX项目",
        "uid" : "50b985cfef3e6c86",
        "parentUid" : "214f286a690fb99cd8b4e2f8a20bd296",
        "status" : "failed",
        "time" : {
          "start" : 1586252897064,
          "stop" : 1586252898994,
          "duration" : 1930
        },
        "flaky" : false,
        "newFailed" : false,
        "parameters" : [ "{'case_title': 'v2EX项目', 'case_description': '获取网站信息', 'case_url': 'https://www.v2ex.com/api/site/info.json', 'case_method': 'get', 'case_headers': '', 'case_params': '', 'case_expect': '{\"title\" : \"v2EX\"}', 'other': ''}" ]
      }, {
        "name" : "cnodejs项目",
        "uid" : "68ad622f32c72893",
        "parentUid" : "214f286a690fb99cd8b4e2f8a20bd296",
        "status" : "passed",
        "time" : {
          "start" : 1586252894826,
          "stop" : 1586252895442,
          "duration" : 616
        },
        "flaky" : false,
        "newFailed" : false,
        "parameters" : [ "{'case_title': 'cnodejs项目', 'case_description': 'get /topic/:id 主题详情', 'case_url': 'https://cnodejs.org/api/v1/topic/5433d5e4e737cbe96dcef312', 'case_method': 'get', 'case_headers': '', 'case_params': '', 'case_expect': '{\"success\":true}', 'other': ''}" ]
      } ],
      "uid" : "214f286a690fb99cd8b4e2f8a20bd296"
    }, {
      "name" : "9284-MainThread",
      "children" : [ {
        "name" : "v2EX项目",
        "uid" : "1522f512f9858f8",
        "parentUid" : "ead6a2b2743fd51637ca602f79624bce",
        "status" : "failed",
        "time" : {
          "start" : 1586252333060,
          "stop" : 1586252333764,
          "duration" : 704
        },
        "flaky" : false,
        "newFailed" : false,
        "parameters" : [ "{'case_title': 'v2EX项目', 'case_description': '获取网站信息', 'case_url': 'https://www.v2ex.com/api/site/info.json', 'case_method': 'get', 'case_headers': '', 'case_params': '', 'case_expect': '{\"title\" : \"v2EX\"}', 'other': ''}" ]
      }, {
        "name" : "cnodejs项目",
        "uid" : "ed32cbf6de238f55",
        "parentUid" : "ead6a2b2743fd51637ca602f79624bce",
        "status" : "passed",
        "time" : {
          "start" : 1586252332198,
          "stop" : 1586252332680,
          "duration" : 482
        },
        "flaky" : false,
        "newFailed" : false,
        "parameters" : [ "{'case_title': 'cnodejs项目', 'case_description': '/user/:loginname 用户详情', 'case_url': 'https://cnodejs.org/api/v1/user/alsotang', 'case_method': 'get', 'case_headers': '', 'case_params': '', 'case_expect': '{\"success\":true}', 'other': ''}" ]
      }, {
        "name" : "cnodejs项目",
        "uid" : "adcc31ba814be17a",
        "parentUid" : "ead6a2b2743fd51637ca602f79624bce",
        "status" : "passed",
        "time" : {
          "start" : 1586252331410,
          "stop" : 1586252331816,
          "duration" : 406
        },
        "flaky" : false,
        "newFailed" : false,
        "parameters" : [ "{'case_title': 'cnodejs项目', 'case_description': '/topic_collect/collect 收藏主题', 'case_url': 'https://cnodejs.org/api/v1/topic_collect/collect', 'case_method': 'post', 'case_headers': '', 'case_params': '', 'case_expect': '{\"success\": false}', 'other': '咱们没有用户 accessToken，所以返回为false就算对'}" ]
      }, {
        "name" : "cnodejs项目",
        "uid" : "144c158ab2e18d5b",
        "parentUid" : "ead6a2b2743fd51637ca602f79624bce",
        "status" : "passed",
        "time" : {
          "start" : 1586252332698,
          "stop" : 1586252333048,
          "duration" : 350
        },
        "flaky" : false,
        "newFailed" : false,
        "parameters" : [ "{'case_title': 'cnodejs项目', 'case_description': '/message/mark_all 标记全部已读', 'case_url': 'https://cnodejs.org/api/v1/message/mark_all', 'case_method': 'post', 'case_headers': '', 'case_params': '', 'case_expect': '{\"success\": false}', 'other': '咱们没有用户 accessToken，所以返回为false就算对'}" ]
      }, {
        "name" : "cnodejs项目",
        "uid" : "8addf47c936e9987",
        "parentUid" : "ead6a2b2743fd51637ca602f79624bce",
        "status" : "passed",
        "time" : {
          "start" : 1586252330361,
          "stop" : 1586252330901,
          "duration" : 540
        },
        "flaky" : false,
        "newFailed" : false,
        "parameters" : [ "{'case_title': 'cnodejs项目', 'case_description': 'get /topics 主题首页', 'case_url': 'https://cnodejs.org/api/v1/topics', 'case_method': 'get', 'case_headers': '{\"User-agent\": \"Mozilla/5.0 (Windows NT 10.0; Win64; x64) AppleWebKit/537.36 (KHTML, like Gecko) Chrome/80.0.3987.106 Safari/537.36\"}', 'case_params': '', 'case_expect': '{\"success\":true}', 'other': ''}" ]
      }, {
        "name" : "cnodejs项目",
        "uid" : "41ad5afb848ae6b",
        "parentUid" : "ead6a2b2743fd51637ca602f79624bce",
        "status" : "passed",
        "time" : {
          "start" : 1586252331831,
          "stop" : 1586252332181,
          "duration" : 350
        },
        "flaky" : false,
        "newFailed" : false,
        "parameters" : [ "{'case_title': 'cnodejs项目', 'case_description': 'post /topic_collect/de_collect 取消主题', 'case_url': 'https://cnodejs.org/api/v1/topic_collect/de_collect', 'case_method': 'post', 'case_headers': '', 'case_params': '', 'case_expect': '{\"success\": false}', 'other': '咱们没有用户 accessToken，所以返回为false就算对'}" ]
      }, {
        "name" : "cnodejs项目",
        "uid" : "8b705f48f77826ab",
        "parentUid" : "ead6a2b2743fd51637ca602f79624bce",
        "status" : "passed",
        "time" : {
          "start" : 1586252330917,
          "stop" : 1586252331395,
          "duration" : 478
        },
        "flaky" : false,
        "newFailed" : false,
        "parameters" : [ "{'case_title': 'cnodejs项目', 'case_description': 'get /topic/:id 主题详情', 'case_url': 'https://cnodejs.org/api/v1/topic/5433d5e4e737cbe96dcef312', 'case_method': 'get', 'case_headers': '', 'case_params': '', 'case_expect': '{\"success\":true}', 'other': ''}" ]
      }, {
        "name" : "test_case[item7]",
        "uid" : "710757281328eb02",
        "parentUid" : "ead6a2b2743fd51637ca602f79624bce",
        "status" : "broken",
        "time" : {
          "start" : 1586252334185,
          "stop" : 1586252334274,
          "duration" : 89
        },
        "flaky" : false,
        "newFailed" : false,
        "parameters" : [ "{'case_title': '百度项目', 'case_description': '百度主页', 'case_url': 'https://www.baidu.com', 'case_method': 'get', 'case_headers': '', 'case_params': '', 'case_expect': '百度一下，你就知道2222', 'other': ''}" ]
      } ],
      "uid" : "ead6a2b2743fd51637ca602f79624bce"
    }, {
      "name" : "8124-MainThread",
      "children" : [ {
        "name" : "cnodejs项目",
        "uid" : "7c0028da72149b2",
        "parentUid" : "ce4abf90d4e39a606f8df7ababc6a927",
        "status" : "passed",
        "time" : {
          "start" : 1586261361579,
          "stop" : 1586261362056,
          "duration" : 477
        },
        "flaky" : false,
        "newFailed" : false,
        "parameters" : [ "{'case_title': 'cnodejs项目', 'case_description': '/user/:loginname 用户详情', 'case_url': 'https://cnodejs.org/api/v1/user/alsotang', 'case_method': 'get', 'case_headers': '', 'case_params': '', 'case_expect': '{\"success\":true}', 'other': ''}" ]
      }, {
        "name" : "cnodejs项目",
        "uid" : "daac25bfbebd5fb7",
        "parentUid" : "ce4abf90d4e39a606f8df7ababc6a927",
        "status" : "passed",
        "time" : {
          "start" : 1586261362072,
          "stop" : 1586261362486,
          "duration" : 414
        },
        "flaky" : false,
        "newFailed" : false,
        "parameters" : [ "{'case_title': 'cnodejs项目', 'case_description': '/message/mark_all 标记全部已读', 'case_url': 'https://cnodejs.org/api/v1/message/mark_all', 'case_method': 'post', 'case_headers': '', 'case_params': '', 'case_expect': '{\"success\": false}', 'other': '咱们没有用户 accessToken，所以返回为false就算对'}" ]
      }, {
        "name" : "v2EX项目",
        "uid" : "e557bba3472fd13e",
        "parentUid" : "ce4abf90d4e39a606f8df7ababc6a927",
        "status" : "failed",
        "time" : {
          "start" : 1586261362526,
          "stop" : 1586261364411,
          "duration" : 1885
        },
        "flaky" : false,
        "newFailed" : false,
        "parameters" : [ "{'case_title': 'v2EX项目', 'case_description': '获取网站信息', 'case_url': 'https://www.v2ex.com/api/site/info.json', 'case_method': 'get', 'case_headers': '', 'case_params': '', 'case_expect': '{\"title\" : \"v2EX\"}', 'other': ''}" ]
      }, {
        "name" : "cnodejs项目",
        "uid" : "d518944e1b9c9fdf",
        "parentUid" : "ce4abf90d4e39a606f8df7ababc6a927",
        "status" : "passed",
        "time" : {
          "start" : 1586261361188,
          "stop" : 1586261361563,
          "duration" : 375
        },
        "flaky" : false,
        "newFailed" : false,
        "parameters" : [ "{'case_title': 'cnodejs项目', 'case_description': 'post /topic_collect/de_collect 取消主题', 'case_url': 'https://cnodejs.org/api/v1/topic_collect/de_collect', 'case_method': 'post', 'case_headers': '', 'case_params': '', 'case_expect': '{\"success\": false}', 'other': '咱们没有用户 accessToken，所以返回为false就算对'}" ]
      }, {
        "name" : "cnodejs项目",
        "uid" : "4d8f5a15b632bed2",
        "parentUid" : "ce4abf90d4e39a606f8df7ababc6a927",
        "status" : "passed",
        "time" : {
          "start" : 1586261360809,
          "stop" : 1586261361150,
          "duration" : 341
        },
        "flaky" : false,
        "newFailed" : false,
        "parameters" : [ "{'case_title': 'cnodejs项目', 'case_description': '/topic_collect/collect 收藏主题', 'case_url': 'https://cnodejs.org/api/v1/topic_collect/collect', 'case_method': 'post', 'case_headers': '', 'case_params': '', 'case_expect': '{\"success\": false}', 'other': '咱们没有用户 accessToken，所以返回为false就算对'}" ]
      }, {
        "name" : "cnodejs项目",
        "uid" : "41c67466cbbf0ed",
        "parentUid" : "ce4abf90d4e39a606f8df7ababc6a927",
        "status" : "passed",
        "time" : {
          "start" : 1586261360347,
          "stop" : 1586261360794,
          "duration" : 447
        },
        "flaky" : false,
        "newFailed" : false,
        "parameters" : [ "{'case_title': 'cnodejs项目', 'case_description': 'get /topic/:id 主题详情', 'case_url': 'https://cnodejs.org/api/v1/topic/5433d5e4e737cbe96dcef312', 'case_method': 'get', 'case_headers': '', 'case_params': '', 'case_expect': '{\"success\":true}', 'other': ''}" ]
      }, {
        "name" : "cnodejs项目",
        "uid" : "5c54861ac4c63e33",
        "parentUid" : "ce4abf90d4e39a606f8df7ababc6a927",
        "status" : "passed",
        "time" : {
          "start" : 1586261359741,
          "stop" : 1586261360331,
          "duration" : 590
        },
        "flaky" : false,
        "newFailed" : false,
        "parameters" : [ "{'case_title': 'cnodejs项目', 'case_description': 'get /topics 主题首页', 'case_url': 'https://cnodejs.org/api/v1/topics', 'case_method': 'get', 'case_headers': '{\"User-agent\": \"Mozilla/5.0 (Windows NT 10.0; Win64; x64) AppleWebKit/537.36 (KHTML, like Gecko) Chrome/80.0.3987.106 Safari/537.36\"}', 'case_params': '', 'case_expect': '{\"success\":true}', 'other': ''}" ]
      }, {
        "name" : "test_case[item7]",
        "uid" : "d7547c4ed3bfee0",
        "parentUid" : "ce4abf90d4e39a606f8df7ababc6a927",
        "status" : "broken",
        "time" : {
          "start" : 1586261364865,
          "stop" : 1586261365001,
          "duration" : 136
        },
        "flaky" : false,
        "newFailed" : false,
        "parameters" : [ "{'case_title': '百度项目', 'case_description': '百度主页', 'case_url': 'https://www.baidu.com', 'case_method': 'get', 'case_headers': '', 'case_params': '', 'case_expect': '百度一下，你就知道2222', 'other': ''}" ]
      } ],
      "uid" : "ce4abf90d4e39a606f8df7ababc6a927"
    }, {
      "name" : "10316-MainThread",
      "children" : [ {
        "name" : "cnodejs项目",
        "uid" : "2d4a45509cb229cd",
        "parentUid" : "31c17f170674345d129e045012f81990",
        "status" : "passed",
        "time" : {
          "start" : 1586261505679,
          "stop" : 1586261506039,
          "duration" : 360
        },
        "flaky" : false,
        "newFailed" : false,
        "parameters" : [ "{'case_title': 'cnodejs项目', 'case_description': '/message/mark_all 标记全部已读', 'case_url': 'https://cnodejs.org/api/v1/message/mark_all', 'case_method': 'post', 'case_headers': '', 'case_params': '', 'case_expect': '{\"success\": false}', 'other': '咱们没有用户 accessToken，所以返回为false就算对'}" ]
      }, {
        "name" : "test_case[item7]",
        "uid" : "cf128473a55303ef",
        "parentUid" : "31c17f170674345d129e045012f81990",
        "status" : "broken",
        "time" : {
          "start" : 1586261507668,
          "stop" : 1586261507823,
          "duration" : 155
        },
        "flaky" : false,
        "newFailed" : false,
        "parameters" : [ "{'case_title': '百度项目', 'case_description': '百度主页', 'case_url': 'https://www.baidu.com', 'case_method': 'get', 'case_headers': '', 'case_params': '', 'case_expect': '百度一下，你就知道2222', 'other': ''}" ]
      }, {
        "name" : "cnodejs项目",
        "uid" : "c24d2ed7ce0920f6",
        "parentUid" : "31c17f170674345d129e045012f81990",
        "status" : "passed",
        "time" : {
          "start" : 1586261505233,
          "stop" : 1586261505664,
          "duration" : 431
        },
        "flaky" : false,
        "newFailed" : false,
        "parameters" : [ "{'case_title': 'cnodejs项目', 'case_description': '/user/:loginname 用户详情', 'case_url': 'https://cnodejs.org/api/v1/user/alsotang', 'case_method': 'get', 'case_headers': '', 'case_params': '', 'case_expect': '{\"success\":true}', 'other': ''}" ]
      }, {
        "name" : "cnodejs项目",
        "uid" : "41a0f5b80de9b586",
        "parentUid" : "31c17f170674345d129e045012f81990",
        "status" : "passed",
        "time" : {
          "start" : 1586261504860,
          "stop" : 1586261505217,
          "duration" : 357
        },
        "flaky" : false,
        "newFailed" : false,
        "parameters" : [ "{'case_title': 'cnodejs项目', 'case_description': 'post /topic_collect/de_collect 取消主题', 'case_url': 'https://cnodejs.org/api/v1/topic_collect/de_collect', 'case_method': 'post', 'case_headers': '', 'case_params': '', 'case_expect': '{\"success\": false}', 'other': '咱们没有用户 accessToken，所以返回为false就算对'}" ]
      }, {
        "name" : "cnodejs项目",
        "uid" : "5028186ba82fcd97",
        "parentUid" : "31c17f170674345d129e045012f81990",
        "status" : "passed",
        "time" : {
          "start" : 1586261503937,
          "stop" : 1586261504473,
          "duration" : 536
        },
        "flaky" : false,
        "newFailed" : false,
        "parameters" : [ "{'case_title': 'cnodejs项目', 'case_description': 'get /topic/:id 主题详情', 'case_url': 'https://cnodejs.org/api/v1/topic/5433d5e4e737cbe96dcef312', 'case_method': 'get', 'case_headers': '', 'case_params': '', 'case_expect': '{\"success\":true}', 'other': ''}" ]
      }, {
        "name" : "cnodejs项目",
        "uid" : "ee1043562349e0c5",
        "parentUid" : "31c17f170674345d129e045012f81990",
        "status" : "passed",
        "time" : {
          "start" : 1586261503328,
          "stop" : 1586261503899,
          "duration" : 571
        },
        "flaky" : false,
        "newFailed" : false,
        "parameters" : [ "{'case_title': 'cnodejs项目', 'case_description': 'get /topics 主题首页', 'case_url': 'https://cnodejs.org/api/v1/topics', 'case_method': 'get', 'case_headers': '{\"User-agent\": \"Mozilla/5.0 (Windows NT 10.0; Win64; x64) AppleWebKit/537.36 (KHTML, like Gecko) Chrome/80.0.3987.106 Safari/537.36\"}', 'case_params': '', 'case_expect': '{\"success\":true}', 'other': ''}" ]
      }, {
        "name" : "v2EX项目",
        "uid" : "30b9d3ddf4e2bbb6",
        "parentUid" : "31c17f170674345d129e045012f81990",
        "status" : "failed",
        "time" : {
          "start" : 1586261506056,
          "stop" : 1586261507144,
          "duration" : 1088
        },
        "flaky" : false,
        "newFailed" : false,
        "parameters" : [ "{'case_title': 'v2EX项目', 'case_description': '获取网站信息', 'case_url': 'https://www.v2ex.com/api/site/info.json', 'case_method': 'get', 'case_headers': '', 'case_params': '', 'case_expect': '{\"title\" : \"v2EX\"}', 'other': ''}" ]
      }, {
        "name" : "cnodejs项目",
        "uid" : "1cd2fd6fd806897a",
        "parentUid" : "31c17f170674345d129e045012f81990",
        "status" : "passed",
        "time" : {
          "start" : 1586261504490,
          "stop" : 1586261504843,
          "duration" : 353
        },
        "flaky" : false,
        "newFailed" : false,
        "parameters" : [ "{'case_title': 'cnodejs项目', 'case_description': '/topic_collect/collect 收藏主题', 'case_url': 'https://cnodejs.org/api/v1/topic_collect/collect', 'case_method': 'post', 'case_headers': '', 'case_params': '', 'case_expect': '{\"success\": false}', 'other': '咱们没有用户 accessToken，所以返回为false就算对'}" ]
      } ],
      "uid" : "31c17f170674345d129e045012f81990"
    }, {
      "name" : "8324-MainThread",
      "children" : [ {
        "name" : "cnodejs项目",
        "uid" : "747ad8e3642a1892",
        "parentUid" : "4d6f8b1d3227e5aceb7d47c746da77d3",
        "status" : "passed",
        "time" : {
          "start" : 1586261005906,
          "stop" : 1586261006247,
          "duration" : 341
        },
        "flaky" : false,
        "newFailed" : false,
        "parameters" : [ "{'case_title': 'cnodejs项目', 'case_description': '/topic_collect/collect 收藏主题', 'case_url': 'https://cnodejs.org/api/v1/topic_collect/collect', 'case_method': 'post', 'case_headers': '', 'case_params': '', 'case_expect': '{\"success\": false}', 'other': '咱们没有用户 accessToken，所以返回为false就算对'}" ]
      }, {
        "name" : "v2EX项目",
        "uid" : "5439fe908772b4b3",
        "parentUid" : "4d6f8b1d3227e5aceb7d47c746da77d3",
        "status" : "failed",
        "time" : {
          "start" : 1586261007519,
          "stop" : 1586261009143,
          "duration" : 1624
        },
        "flaky" : false,
        "newFailed" : false,
        "parameters" : [ "{'case_title': 'v2EX项目', 'case_description': '获取网站信息', 'case_url': 'https://www.v2ex.com/api/site/info.json', 'case_method': 'get', 'case_headers': '', 'case_params': '', 'case_expect': '{\"title\" : \"v2EX\"}', 'other': ''}" ]
      }, {
        "name" : "test_case[item7]",
        "uid" : "6d55705925a87c9b",
        "parentUid" : "4d6f8b1d3227e5aceb7d47c746da77d3",
        "status" : "broken",
        "time" : {
          "start" : 1586261009589,
          "stop" : 1586261009720,
          "duration" : 131
        },
        "flaky" : false,
        "newFailed" : false,
        "parameters" : [ "{'case_title': '百度项目', 'case_description': '百度主页', 'case_url': 'https://www.baidu.com', 'case_method': 'get', 'case_headers': '', 'case_params': '', 'case_expect': '百度一下，你就知道2222', 'other': ''}" ]
      }, {
        "name" : "cnodejs项目",
        "uid" : "51e187568de28fd5",
        "parentUid" : "4d6f8b1d3227e5aceb7d47c746da77d3",
        "status" : "passed",
        "time" : {
          "start" : 1586261007147,
          "stop" : 1586261007499,
          "duration" : 352
        },
        "flaky" : false,
        "newFailed" : false,
        "parameters" : [ "{'case_title': 'cnodejs项目', 'case_description': '/message/mark_all 标记全部已读', 'case_url': 'https://cnodejs.org/api/v1/message/mark_all', 'case_method': 'post', 'case_headers': '', 'case_params': '', 'case_expect': '{\"success\": false}', 'other': '咱们没有用户 accessToken，所以返回为false就算对'}" ]
      }, {
        "name" : "cnodejs项目",
        "uid" : "ced167923d4f1e7f",
        "parentUid" : "4d6f8b1d3227e5aceb7d47c746da77d3",
        "status" : "passed",
        "time" : {
          "start" : 1586261005408,
          "stop" : 1586261005860,
          "duration" : 452
        },
        "flaky" : false,
        "newFailed" : false,
        "parameters" : [ "{'case_title': 'cnodejs项目', 'case_description': 'get /topic/:id 主题详情', 'case_url': 'https://cnodejs.org/api/v1/topic/5433d5e4e737cbe96dcef312', 'case_method': 'get', 'case_headers': '', 'case_params': '', 'case_expect': '{\"success\":true}', 'other': ''}" ]
      }, {
        "name" : "cnodejs项目",
        "uid" : "67c8f0bab11e998e",
        "parentUid" : "4d6f8b1d3227e5aceb7d47c746da77d3",
        "status" : "passed",
        "time" : {
          "start" : 1586261004775,
          "stop" : 1586261005387,
          "duration" : 612
        },
        "flaky" : false,
        "newFailed" : false,
        "parameters" : [ "{'case_title': 'cnodejs项目', 'case_description': 'get /topics 主题首页', 'case_url': 'https://cnodejs.org/api/v1/topics', 'case_method': 'get', 'case_headers': '{\"User-agent\": \"Mozilla/5.0 (Windows NT 10.0; Win64; x64) AppleWebKit/537.36 (KHTML, like Gecko) Chrome/80.0.3987.106 Safari/537.36\"}', 'case_params': '', 'case_expect': '{\"success\":true}', 'other': ''}" ]
      }, {
        "name" : "cnodejs项目",
        "uid" : "c1a6c5e7fe0e8de5",
        "parentUid" : "4d6f8b1d3227e5aceb7d47c746da77d3",
        "status" : "passed",
        "time" : {
          "start" : 1586261006618,
          "stop" : 1586261007132,
          "duration" : 514
        },
        "flaky" : false,
        "newFailed" : false,
        "parameters" : [ "{'case_title': 'cnodejs项目', 'case_description': '/user/:loginname 用户详情', 'case_url': 'https://cnodejs.org/api/v1/user/alsotang', 'case_method': 'get', 'case_headers': '', 'case_params': '', 'case_expect': '{\"success\":true}', 'other': ''}" ]
      }, {
        "name" : "cnodejs项目",
        "uid" : "8e736146873ae84e",
        "parentUid" : "4d6f8b1d3227e5aceb7d47c746da77d3",
        "status" : "passed",
        "time" : {
          "start" : 1586261006261,
          "stop" : 1586261006603,
          "duration" : 342
        },
        "flaky" : false,
        "newFailed" : false,
        "parameters" : [ "{'case_title': 'cnodejs项目', 'case_description': 'post /topic_collect/de_collect 取消主题', 'case_url': 'https://cnodejs.org/api/v1/topic_collect/de_collect', 'case_method': 'post', 'case_headers': '', 'case_params': '', 'case_expect': '{\"success\": false}', 'other': '咱们没有用户 accessToken，所以返回为false就算对'}" ]
      } ],
      "uid" : "4d6f8b1d3227e5aceb7d47c746da77d3"
    }, {
      "name" : "9600-MainThread",
      "children" : [ {
        "name" : "cnodejs项目",
        "uid" : "bfa7c01a9e8f6e5e",
        "parentUid" : "bad096170802eb772a35db56d4ec20c8",
        "status" : "passed",
        "time" : {
          "start" : 1586260727991,
          "stop" : 1586260728506,
          "duration" : 515
        },
        "flaky" : false,
        "newFailed" : false,
        "parameters" : [ "{'case_title': 'cnodejs项目', 'case_description': '/user/:loginname 用户详情', 'case_url': 'https://cnodejs.org/api/v1/user/alsotang', 'case_method': 'get', 'case_headers': '', 'case_params': '', 'case_expect': '{\"success\":true}', 'other': ''}" ]
      }, {
        "name" : "test_case[item7]",
        "uid" : "a010c480c41ed435",
        "parentUid" : "bad096170802eb772a35db56d4ec20c8",
        "status" : "broken",
        "time" : {
          "start" : 1586260731293,
          "stop" : 1586260732431,
          "duration" : 1138
        },
        "flaky" : false,
        "newFailed" : false,
        "parameters" : [ "{'case_title': '百度项目', 'case_description': '百度主页', 'case_url': 'https://www.baidu.com', 'case_method': 'get', 'case_headers': '', 'case_params': '', 'case_expect': '百度一下，你就知道2222', 'other': ''}" ]
      }, {
        "name" : "cnodejs项目",
        "uid" : "84843c6b349271d2",
        "parentUid" : "bad096170802eb772a35db56d4ec20c8",
        "status" : "passed",
        "time" : {
          "start" : 1586260727121,
          "stop" : 1586260727511,
          "duration" : 390
        },
        "flaky" : false,
        "newFailed" : false,
        "parameters" : [ "{'case_title': 'cnodejs项目', 'case_description': '/topic_collect/collect 收藏主题', 'case_url': 'https://cnodejs.org/api/v1/topic_collect/collect', 'case_method': 'post', 'case_headers': '', 'case_params': '', 'case_expect': '{\"success\": false}', 'other': '咱们没有用户 accessToken，所以返回为false就算对'}" ]
      }, {
        "name" : "v2EX项目",
        "uid" : "328caf5f73cb89c4",
        "parentUid" : "bad096170802eb772a35db56d4ec20c8",
        "status" : "failed",
        "time" : {
          "start" : 1586260728882,
          "stop" : 1586260730747,
          "duration" : 1865
        },
        "flaky" : false,
        "newFailed" : false,
        "parameters" : [ "{'case_title': 'v2EX项目', 'case_description': '获取网站信息', 'case_url': 'https://www.v2ex.com/api/site/info.json', 'case_method': 'get', 'case_headers': '', 'case_params': '', 'case_expect': '{\"title\" : \"v2EX\"}', 'other': ''}" ]
      }, {
        "name" : "cnodejs项目",
        "uid" : "56678ff5532d5c15",
        "parentUid" : "bad096170802eb772a35db56d4ec20c8",
        "status" : "passed",
        "time" : {
          "start" : 1586260725782,
          "stop" : 1586260726510,
          "duration" : 728
        },
        "flaky" : false,
        "newFailed" : false,
        "parameters" : [ "{'case_title': 'cnodejs项目', 'case_description': 'get /topics 主题首页', 'case_url': 'https://cnodejs.org/api/v1/topics', 'case_method': 'get', 'case_headers': '{\"User-agent\": \"Mozilla/5.0 (Windows NT 10.0; Win64; x64) AppleWebKit/537.36 (KHTML, like Gecko) Chrome/80.0.3987.106 Safari/537.36\"}', 'case_params': '', 'case_expect': '{\"success\":true}', 'other': ''}" ]
      }, {
        "name" : "cnodejs项目",
        "uid" : "de51094ffa059137",
        "parentUid" : "bad096170802eb772a35db56d4ec20c8",
        "status" : "passed",
        "time" : {
          "start" : 1586260726525,
          "stop" : 1586260727079,
          "duration" : 554
        },
        "flaky" : false,
        "newFailed" : false,
        "parameters" : [ "{'case_title': 'cnodejs项目', 'case_description': 'get /topic/:id 主题详情', 'case_url': 'https://cnodejs.org/api/v1/topic/5433d5e4e737cbe96dcef312', 'case_method': 'get', 'case_headers': '', 'case_params': '', 'case_expect': '{\"success\":true}', 'other': ''}" ]
      }, {
        "name" : "cnodejs项目",
        "uid" : "5e6f02f8cac4f245",
        "parentUid" : "bad096170802eb772a35db56d4ec20c8",
        "status" : "passed",
        "time" : {
          "start" : 1586260728522,
          "stop" : 1586260728866,
          "duration" : 344
        },
        "flaky" : false,
        "newFailed" : false,
        "parameters" : [ "{'case_title': 'cnodejs项目', 'case_description': '/message/mark_all 标记全部已读', 'case_url': 'https://cnodejs.org/api/v1/message/mark_all', 'case_method': 'post', 'case_headers': '', 'case_params': '', 'case_expect': '{\"success\": false}', 'other': '咱们没有用户 accessToken，所以返回为false就算对'}" ]
      }, {
        "name" : "cnodejs项目",
        "uid" : "95a5040f8be8ddfd",
        "parentUid" : "bad096170802eb772a35db56d4ec20c8",
        "status" : "passed",
        "time" : {
          "start" : 1586260727585,
          "stop" : 1586260727974,
          "duration" : 389
        },
        "flaky" : false,
        "newFailed" : false,
        "parameters" : [ "{'case_title': 'cnodejs项目', 'case_description': 'post /topic_collect/de_collect 取消主题', 'case_url': 'https://cnodejs.org/api/v1/topic_collect/de_collect', 'case_method': 'post', 'case_headers': '', 'case_params': '', 'case_expect': '{\"success\": false}', 'other': '咱们没有用户 accessToken，所以返回为false就算对'}" ]
      } ],
      "uid" : "bad096170802eb772a35db56d4ec20c8"
    } ],
    "uid" : "ae69949a05e239f818f595f8457ac6cc"
  } ]
}