[ {
  "buildOrder" : 45,
  "reportUrl" : "http://localhost:8080/job/pytest-allure/45/allure",
  "reportName" : "AllureReport",
  "data" : {
    "duration" : 46072
  }
}, {
  "buildOrder" : 44,
  "reportUrl" : "http://localhost:8080/job/pytest-allure/44/allure",
  "reportName" : "AllureReport",
  "data" : {
    "duration" : 4495
  }
}, {
  "buildOrder" : 43,
  "reportUrl" : "http://localhost:8080/job/pytest-allure/43/allure",
  "reportName" : "AllureReport",
  "data" : {
    "duration" : 5260
  }
}, {
  "buildOrder" : 42,
  "reportUrl" : "http://localhost:8080/job/pytest-allure/42/allure",
  "reportName" : "AllureReport",
  "data" : {
    "duration" : 4945
  }
}, {
  "buildOrder" : 41,
  "reportUrl" : "http://localhost:8080/job/pytest-allure/41/allure",
  "reportName" : "AllureReport",
  "data" : {
    "duration" : 6649
  }
}, {
  "buildOrder" : 40,
  "reportUrl" : "http://localhost:8080/job/pytest-allure/40/allure",
  "reportName" : "AllureReport",
  "data" : {
    "duration" : 5424
  }
}, {
  "buildOrder" : 39,
  "reportUrl" : "http://localhost:8080/job/pytest-allure/39/allure",
  "reportName" : "AllureReport",
  "data" : {
    "duration" : 3913
  }
}, {
  "buildOrder" : 38,
  "reportUrl" : "http://localhost:8080/job/pytest-allure/38/allure",
  "reportName" : "AllureReport",
  "data" : {
    "duration" : 9303
  }
}, {
  "buildOrder" : 35,
  "reportUrl" : "http://localhost:8080/job/pytest-allure/35/allure",
  "reportName" : "AllureReport",
  "data" : {
    "duration" : 4454
  }
}, {
  "buildOrder" : 33,
  "reportUrl" : "http://localhost:8080/job/pytest-allure/33/allure",
  "reportName" : "AllureReport",
  "data" : {
    "duration" : 14641
  }
}, {
  "buildOrder" : 32,
  "reportUrl" : "http://localhost:8080/job/pytest-allure/32/allure",
  "reportName" : "AllureReport",
  "data" : { }
}, {
  "data" : {
    "duration" : 17965
  }
} ]