[ {
  "buildOrder" : 45,
  "reportUrl" : "http://localhost:8080/job/pytest-allure/45/allure",
  "reportName" : "AllureReport",
  "data" : {
    "failed" : 1,
    "broken" : 1,
    "skipped" : 0,
    "passed" : 6,
    "unknown" : 0,
    "total" : 8
  }
}, {
  "buildOrder" : 44,
  "reportUrl" : "http://localhost:8080/job/pytest-allure/44/allure",
  "reportName" : "AllureReport",
  "data" : {
    "failed" : 1,
    "broken" : 1,
    "skipped" : 0,
    "passed" : 6,
    "unknown" : 0,
    "total" : 8
  }
}, {
  "buildOrder" : 43,
  "reportUrl" : "http://localhost:8080/job/pytest-allure/43/allure",
  "reportName" : "AllureReport",
  "data" : {
    "failed" : 1,
    "broken" : 1,
    "skipped" : 0,
    "passed" : 6,
    "unknown" : 0,
    "total" : 8
  }
}, {
  "buildOrder" : 42,
  "reportUrl" : "http://localhost:8080/job/pytest-allure/42/allure",
  "reportName" : "AllureReport",
  "data" : {
    "failed" : 1,
    "broken" : 1,
    "skipped" : 0,
    "passed" : 6,
    "unknown" : 0,
    "total" : 8
  }
}, {
  "buildOrder" : 41,
  "reportUrl" : "http://localhost:8080/job/pytest-allure/41/allure",
  "reportName" : "AllureReport",
  "data" : {
    "failed" : 1,
    "broken" : 1,
    "skipped" : 0,
    "passed" : 6,
    "unknown" : 0,
    "total" : 8
  }
}, {
  "buildOrder" : 40,
  "reportUrl" : "http://localhost:8080/job/pytest-allure/40/allure",
  "reportName" : "AllureReport",
  "data" : {
    "failed" : 1,
    "broken" : 1,
    "skipped" : 0,
    "passed" : 6,
    "unknown" : 0,
    "total" : 8
  }
}, {
  "buildOrder" : 39,
  "reportUrl" : "http://localhost:8080/job/pytest-allure/39/allure",
  "reportName" : "AllureReport",
  "data" : {
    "failed" : 1,
    "broken" : 1,
    "skipped" : 0,
    "passed" : 6,
    "unknown" : 0,
    "total" : 8
  }
}, {
  "buildOrder" : 38,
  "reportUrl" : "http://localhost:8080/job/pytest-allure/38/allure",
  "reportName" : "AllureReport",
  "data" : {
    "failed" : 1,
    "broken" : 1,
    "skipped" : 0,
    "passed" : 6,
    "unknown" : 0,
    "total" : 8
  }
}, {
  "buildOrder" : 35,
  "reportUrl" : "http://localhost:8080/job/pytest-allure/35/allure",
  "reportName" : "AllureReport",
  "data" : {
    "failed" : 1,
    "broken" : 1,
    "skipped" : 0,
    "passed" : 6,
    "unknown" : 0,
    "total" : 8
  }
}, {
  "buildOrder" : 33,
  "reportUrl" : "http://localhost:8080/job/pytest-allure/33/allure",
  "reportName" : "AllureReport",
  "data" : {
    "failed" : 1,
    "broken" : 1,
    "skipped" : 0,
    "passed" : 6,
    "unknown" : 0,
    "total" : 8
  }
}, {
  "buildOrder" : 32,
  "reportUrl" : "http://localhost:8080/job/pytest-allure/32/allure",
  "reportName" : "AllureReport",
  "data" : {
    "failed" : 0,
    "broken" : 0,
    "skipped" : 0,
    "passed" : 0,
    "unknown" : 0,
    "total" : 0
  }
}, {
  "data" : {
    "failed" : 1,
    "broken" : 0,
    "skipped" : 0,
    "passed" : 6,
    "unknown" : 0,
    "total" : 7
  }
} ]