{
  "67044a3444b3b0893646c004bb4ad45a" : {
    "statistic" : {
      "failed" : 0,
      "broken" : 0,
      "skipped" : 0,
      "passed" : 11,
      "unknown" : 0,
      "total" : 11
    },
    "items" : [ {
      "uid" : "f178cc029684a9bc",
      "reportUrl" : "http://localhost:8080/job/pytest-allure/45/allure/#testresult/f178cc029684a9bc",
      "status" : "passed",
      "time" : {
        "start" : 1586262123997,
        "stop" : 1586262124349,
        "duration" : 352
      }
    }, {
      "uid" : "21ba4fdf663cf315",
      "reportUrl" : "http://localhost:8080/job/pytest-allure/44/allure/#testresult/21ba4fdf663cf315",
      "status" : "passed",
      "time" : {
        "start" : 1586261505679,
        "stop" : 1586261506039,
        "duration" : 360
      }
    }, {
      "uid" : "67bd9b73eaa4e896",
      "reportUrl" : "http://localhost:8080/job/pytest-allure/43/allure/#testresult/67bd9b73eaa4e896",
      "status" : "passed",
      "time" : {
        "start" : 1586261362072,
        "stop" : 1586261362486,
        "duration" : 414
      }
    }, {
      "uid" : "e04dcdce1ddf077d",
      "reportUrl" : "http://localhost:8080/job/pytest-allure/42/allure/#testresult/e04dcdce1ddf077d",
      "status" : "passed",
      "time" : {
        "start" : 1586261007147,
        "stop" : 1586261007499,
        "duration" : 352
      }
    }, {
      "uid" : "c91aabfbd28d88a",
      "reportUrl" : "http://localhost:8080/job/pytest-allure/41/allure/#testresult/c91aabfbd28d88a",
      "status" : "passed",
      "time" : {
        "start" : 1586260728522,
        "stop" : 1586260728866,
        "duration" : 344
      }
    }, {
      "uid" : "9cfc3242c74035a8",
      "reportUrl" : "http://localhost:8080/job/pytest-allure/40/allure/#testresult/9cfc3242c74035a8",
      "status" : "passed",
      "time" : {
        "start" : 1586252896695,
        "stop" : 1586252897049,
        "duration" : 354
      }
    }, {
      "uid" : "b6a506eea6d90b84",
      "reportUrl" : "http://localhost:8080/job/pytest-allure/39/allure/#testresult/b6a506eea6d90b84",
      "status" : "passed",
      "time" : {
        "start" : 1586252332698,
        "stop" : 1586252333048,
        "duration" : 350
      }
    }, {
      "uid" : "6d9ea84ebdfa0172",
      "reportUrl" : "http://localhost:8080/job/pytest-allure/38/allure/#testresult/6d9ea84ebdfa0172",
      "status" : "passed",
      "time" : {
        "start" : 1586252202168,
        "stop" : 1586252202514,
        "duration" : 346
      }
    }, {
      "uid" : "294f3804f2fcc560",
      "reportUrl" : "http://localhost:8080/job/pytest-allure/35/allure/#testresult/294f3804f2fcc560",
      "status" : "passed",
      "time" : {
        "start" : 1586251866047,
        "stop" : 1586251866450,
        "duration" : 403
      }
    }, {
      "uid" : "e15635f1a5f30ad5",
      "reportUrl" : "http://localhost:8080/job/pytest-allure/33/allure/#testresult/e15635f1a5f30ad5",
      "status" : "passed",
      "time" : {
        "start" : 1586251545903,
        "stop" : 1586251546276,
        "duration" : 373
      }
    }, {
      "uid" : "6d943054bb4e302f",
      "status" : "passed",
      "time" : {
        "start" : 1586251088283,
        "stop" : 1586251088638,
        "duration" : 355
      }
    } ]
  },
  "597b88e1b3d3d5292909b279b1c69024" : {
    "statistic" : {
      "failed" : 0,
      "broken" : 0,
      "skipped" : 0,
      "passed" : 11,
      "unknown" : 0,
      "total" : 11
    },
    "items" : [ {
      "uid" : "a04ed8a953a6ec0d",
      "reportUrl" : "http://localhost:8080/job/pytest-allure/45/allure/#testresult/a04ed8a953a6ec0d",
      "status" : "passed",
      "time" : {
        "start" : 1586262121683,
        "stop" : 1586262122265,
        "duration" : 582
      }
    }, {
      "uid" : "4a44056d290b0f95",
      "reportUrl" : "http://localhost:8080/job/pytest-allure/44/allure/#testresult/4a44056d290b0f95",
      "status" : "passed",
      "time" : {
        "start" : 1586261503328,
        "stop" : 1586261503899,
        "duration" : 571
      }
    }, {
      "uid" : "3577d0d6713a83d6",
      "reportUrl" : "http://localhost:8080/job/pytest-allure/43/allure/#testresult/3577d0d6713a83d6",
      "status" : "passed",
      "time" : {
        "start" : 1586261359741,
        "stop" : 1586261360331,
        "duration" : 590
      }
    }, {
      "uid" : "4713da7214af96db",
      "reportUrl" : "http://localhost:8080/job/pytest-allure/42/allure/#testresult/4713da7214af96db",
      "status" : "passed",
      "time" : {
        "start" : 1586261004775,
        "stop" : 1586261005387,
        "duration" : 612
      }
    }, {
      "uid" : "382ebdb044d2d90f",
      "reportUrl" : "http://localhost:8080/job/pytest-allure/41/allure/#testresult/382ebdb044d2d90f",
      "status" : "passed",
      "time" : {
        "start" : 1586260725782,
        "stop" : 1586260726510,
        "duration" : 728
      }
    }, {
      "uid" : "cb714448ba154d1f",
      "reportUrl" : "http://localhost:8080/job/pytest-allure/40/allure/#testresult/cb714448ba154d1f",
      "status" : "passed",
      "time" : {
        "start" : 1586252894250,
        "stop" : 1586252894811,
        "duration" : 561
      }
    }, {
      "uid" : "8ab707aedc4a3766",
      "reportUrl" : "http://localhost:8080/job/pytest-allure/39/allure/#testresult/8ab707aedc4a3766",
      "status" : "passed",
      "time" : {
        "start" : 1586252330361,
        "stop" : 1586252330901,
        "duration" : 540
      }
    }, {
      "uid" : "9f3c15a47a983e58",
      "reportUrl" : "http://localhost:8080/job/pytest-allure/38/allure/#testresult/9f3c15a47a983e58",
      "status" : "passed",
      "time" : {
        "start" : 1586252199816,
        "stop" : 1586252200443,
        "duration" : 627
      }
    }, {
      "uid" : "819a2511930c2132",
      "reportUrl" : "http://localhost:8080/job/pytest-allure/35/allure/#testresult/819a2511930c2132",
      "status" : "passed",
      "time" : {
        "start" : 1586251863829,
        "stop" : 1586251864383,
        "duration" : 554
      }
    }, {
      "uid" : "7262fd9d5bd3b771",
      "reportUrl" : "http://localhost:8080/job/pytest-allure/33/allure/#testresult/7262fd9d5bd3b771",
      "status" : "passed",
      "time" : {
        "start" : 1586251543621,
        "stop" : 1586251544179,
        "duration" : 558
      }
    }, {
      "uid" : "cf6d4f3538ca6b38",
      "status" : "passed",
      "time" : {
        "start" : 1586251085171,
        "stop" : 1586251085795,
        "duration" : 624
      }
    } ]
  },
  "e672a245af5fff9723d7828058cd9338" : {
    "statistic" : {
      "failed" : 0,
      "broken" : 0,
      "skipped" : 0,
      "passed" : 11,
      "unknown" : 0,
      "total" : 11
    },
    "items" : [ {
      "uid" : "699f1edd3614adba",
      "reportUrl" : "http://localhost:8080/job/pytest-allure/45/allure/#testresult/699f1edd3614adba",
      "status" : "passed",
      "time" : {
        "start" : 1586262122283,
        "stop" : 1586262122720,
        "duration" : 437
      }
    }, {
      "uid" : "444fbec9d1695142",
      "reportUrl" : "http://localhost:8080/job/pytest-allure/44/allure/#testresult/444fbec9d1695142",
      "status" : "passed",
      "time" : {
        "start" : 1586261503937,
        "stop" : 1586261504473,
        "duration" : 536
      }
    }, {
      "uid" : "7e865564d6f886a9",
      "reportUrl" : "http://localhost:8080/job/pytest-allure/43/allure/#testresult/7e865564d6f886a9",
      "status" : "passed",
      "time" : {
        "start" : 1586261360347,
        "stop" : 1586261360794,
        "duration" : 447
      }
    }, {
      "uid" : "e37fb6a5e0b0210a",
      "reportUrl" : "http://localhost:8080/job/pytest-allure/42/allure/#testresult/e37fb6a5e0b0210a",
      "status" : "passed",
      "time" : {
        "start" : 1586261005408,
        "stop" : 1586261005860,
        "duration" : 452
      }
    }, {
      "uid" : "4bdbe30d673c753a",
      "reportUrl" : "http://localhost:8080/job/pytest-allure/41/allure/#testresult/4bdbe30d673c753a",
      "status" : "passed",
      "time" : {
        "start" : 1586260726525,
        "stop" : 1586260727079,
        "duration" : 554
      }
    }, {
      "uid" : "8f0f84b484296582",
      "reportUrl" : "http://localhost:8080/job/pytest-allure/40/allure/#testresult/8f0f84b484296582",
      "status" : "passed",
      "time" : {
        "start" : 1586252894826,
        "stop" : 1586252895442,
        "duration" : 616
      }
    }, {
      "uid" : "cf40ca27c845c089",
      "reportUrl" : "http://localhost:8080/job/pytest-allure/39/allure/#testresult/cf40ca27c845c089",
      "status" : "passed",
      "time" : {
        "start" : 1586252330917,
        "stop" : 1586252331395,
        "duration" : 478
      }
    }, {
      "uid" : "38a9ba3717ecf1c0",
      "reportUrl" : "http://localhost:8080/job/pytest-allure/38/allure/#testresult/38a9ba3717ecf1c0",
      "status" : "passed",
      "time" : {
        "start" : 1586252200456,
        "stop" : 1586252200900,
        "duration" : 444
      }
    }, {
      "uid" : "9509514def9d1aef",
      "reportUrl" : "http://localhost:8080/job/pytest-allure/35/allure/#testresult/9509514def9d1aef",
      "status" : "passed",
      "time" : {
        "start" : 1586251864397,
        "stop" : 1586251864831,
        "duration" : 434
      }
    }, {
      "uid" : "13aa4c2eb2c81473",
      "reportUrl" : "http://localhost:8080/job/pytest-allure/33/allure/#testresult/13aa4c2eb2c81473",
      "status" : "passed",
      "time" : {
        "start" : 1586251544193,
        "stop" : 1586251544643,
        "duration" : 450
      }
    }, {
      "uid" : "b717ada0c87562ed",
      "status" : "passed",
      "time" : {
        "start" : 1586251086465,
        "stop" : 1586251087043,
        "duration" : 578
      }
    } ]
  },
  "27df0627900123920d9c0fba15f7352d" : {
    "statistic" : {
      "failed" : 0,
      "broken" : 0,
      "skipped" : 0,
      "passed" : 11,
      "unknown" : 0,
      "total" : 11
    },
    "items" : [ {
      "uid" : "e64edb2ad9ab78a7",
      "reportUrl" : "http://localhost:8080/job/pytest-allure/45/allure/#testresult/e64edb2ad9ab78a7",
      "status" : "passed",
      "time" : {
        "start" : 1586262122734,
        "stop" : 1586262123078,
        "duration" : 344
      }
    }, {
      "uid" : "64d02a3fb3674047",
      "reportUrl" : "http://localhost:8080/job/pytest-allure/44/allure/#testresult/64d02a3fb3674047",
      "status" : "passed",
      "time" : {
        "start" : 1586261504490,
        "stop" : 1586261504843,
        "duration" : 353
      }
    }, {
      "uid" : "b4d507ab1bdf5147",
      "reportUrl" : "http://localhost:8080/job/pytest-allure/43/allure/#testresult/b4d507ab1bdf5147",
      "status" : "passed",
      "time" : {
        "start" : 1586261360809,
        "stop" : 1586261361150,
        "duration" : 341
      }
    }, {
      "uid" : "1ed478c8e16d6ca3",
      "reportUrl" : "http://localhost:8080/job/pytest-allure/42/allure/#testresult/1ed478c8e16d6ca3",
      "status" : "passed",
      "time" : {
        "start" : 1586261005906,
        "stop" : 1586261006247,
        "duration" : 341
      }
    }, {
      "uid" : "55ab494bdfd2caa6",
      "reportUrl" : "http://localhost:8080/job/pytest-allure/41/allure/#testresult/55ab494bdfd2caa6",
      "status" : "passed",
      "time" : {
        "start" : 1586260727121,
        "stop" : 1586260727511,
        "duration" : 390
      }
    }, {
      "uid" : "8a4214f42ec20015",
      "reportUrl" : "http://localhost:8080/job/pytest-allure/40/allure/#testresult/8a4214f42ec20015",
      "status" : "passed",
      "time" : {
        "start" : 1586252895457,
        "stop" : 1586252895818,
        "duration" : 361
      }
    }, {
      "uid" : "5356181ff8605712",
      "reportUrl" : "http://localhost:8080/job/pytest-allure/39/allure/#testresult/5356181ff8605712",
      "status" : "passed",
      "time" : {
        "start" : 1586252331410,
        "stop" : 1586252331816,
        "duration" : 406
      }
    }, {
      "uid" : "e34cce743a8af30f",
      "reportUrl" : "http://localhost:8080/job/pytest-allure/38/allure/#testresult/e34cce743a8af30f",
      "status" : "passed",
      "time" : {
        "start" : 1586252200914,
        "stop" : 1586252201261,
        "duration" : 347
      }
    }, {
      "uid" : "f31b43decb5adccc",
      "reportUrl" : "http://localhost:8080/job/pytest-allure/35/allure/#testresult/f31b43decb5adccc",
      "status" : "passed",
      "time" : {
        "start" : 1586251864848,
        "stop" : 1586251865223,
        "duration" : 375
      }
    }, {
      "uid" : "c2066c32558b9e0b",
      "reportUrl" : "http://localhost:8080/job/pytest-allure/33/allure/#testresult/c2066c32558b9e0b",
      "status" : "passed",
      "time" : {
        "start" : 1586251544659,
        "stop" : 1586251545061,
        "duration" : 402
      }
    }, {
      "uid" : "db6a1a35578dcd80",
      "status" : "passed",
      "time" : {
        "start" : 1586251087057,
        "stop" : 1586251087445,
        "duration" : 388
      }
    } ]
  },
  "d7380c4085145131db34aeca74939100" : {
    "statistic" : {
      "failed" : 0,
      "broken" : 10,
      "skipped" : 0,
      "passed" : 0,
      "unknown" : 0,
      "total" : 10
    },
    "items" : [ {
      "uid" : "ceec1b311cf6a2f6",
      "reportUrl" : "http://localhost:8080/job/pytest-allure/45/allure/#testresult/ceec1b311cf6a2f6",
      "status" : "broken",
      "statusDetails" : "AttributeError: 'NoneType' object has no attribute 'text'",
      "time" : {
        "start" : 1586262167611,
        "stop" : 1586262167755,
        "duration" : 144
      }
    }, {
      "uid" : "6826f088075de89b",
      "reportUrl" : "http://localhost:8080/job/pytest-allure/44/allure/#testresult/6826f088075de89b",
      "status" : "broken",
      "statusDetails" : "AttributeError: 'NoneType' object has no attribute 'text'",
      "time" : {
        "start" : 1586261507668,
        "stop" : 1586261507823,
        "duration" : 155
      }
    }, {
      "uid" : "d6668454492827da",
      "reportUrl" : "http://localhost:8080/job/pytest-allure/43/allure/#testresult/d6668454492827da",
      "status" : "broken",
      "statusDetails" : "AttributeError: 'NoneType' object has no attribute 'text'",
      "time" : {
        "start" : 1586261364865,
        "stop" : 1586261365001,
        "duration" : 136
      }
    }, {
      "uid" : "ebbcc828520b8b28",
      "reportUrl" : "http://localhost:8080/job/pytest-allure/42/allure/#testresult/ebbcc828520b8b28",
      "status" : "broken",
      "statusDetails" : "AttributeError: 'NoneType' object has no attribute 'text'",
      "time" : {
        "start" : 1586261009589,
        "stop" : 1586261009720,
        "duration" : 131
      }
    }, {
      "uid" : "37c70232fe51c633",
      "reportUrl" : "http://localhost:8080/job/pytest-allure/41/allure/#testresult/37c70232fe51c633",
      "status" : "broken",
      "statusDetails" : "AttributeError: 'NoneType' object has no attribute 'text'",
      "time" : {
        "start" : 1586260731293,
        "stop" : 1586260732431,
        "duration" : 1138
      }
    }, {
      "uid" : "6e4f2f29c502ad57",
      "reportUrl" : "http://localhost:8080/job/pytest-allure/40/allure/#testresult/6e4f2f29c502ad57",
      "status" : "broken",
      "statusDetails" : "AttributeError: 'NoneType' object has no attribute 'text'",
      "time" : {
        "start" : 1586252899585,
        "stop" : 1586252899674,
        "duration" : 89
      }
    }, {
      "uid" : "59bcf50d8a5c57c1",
      "reportUrl" : "http://localhost:8080/job/pytest-allure/39/allure/#testresult/59bcf50d8a5c57c1",
      "status" : "broken",
      "statusDetails" : "AttributeError: 'NoneType' object has no attribute 'text'",
      "time" : {
        "start" : 1586252334185,
        "stop" : 1586252334274,
        "duration" : 89
      }
    }, {
      "uid" : "40a7ad341c00b675",
      "reportUrl" : "http://localhost:8080/job/pytest-allure/38/allure/#testresult/40a7ad341c00b675",
      "status" : "broken",
      "statusDetails" : "AttributeError: 'NoneType' object has no attribute 'text'",
      "time" : {
        "start" : 1586252208996,
        "stop" : 1586252209119,
        "duration" : 123
      }
    }, {
      "uid" : "9a0a85ecabddb93c",
      "reportUrl" : "http://localhost:8080/job/pytest-allure/35/allure/#testresult/9a0a85ecabddb93c",
      "status" : "broken",
      "statusDetails" : "AttributeError: 'NoneType' object has no attribute 'text'",
      "time" : {
        "start" : 1586251868161,
        "stop" : 1586251868283,
        "duration" : 122
      }
    }, {
      "uid" : "8e551b75c9b79659",
      "reportUrl" : "http://localhost:8080/job/pytest-allure/33/allure/#testresult/8e551b75c9b79659",
      "status" : "broken",
      "statusDetails" : "AttributeError: 'NoneType' object has no attribute 'text'",
      "time" : {
        "start" : 1586251558157,
        "stop" : 1586251558262,
        "duration" : 105
      }
    } ]
  },
  "f8e51b8c7975235c69392977d37c15be" : {
    "statistic" : {
      "failed" : 0,
      "broken" : 0,
      "skipped" : 0,
      "passed" : 11,
      "unknown" : 0,
      "total" : 11
    },
    "items" : [ {
      "uid" : "94d1b2785ecf1071",
      "reportUrl" : "http://localhost:8080/job/pytest-allure/45/allure/#testresult/94d1b2785ecf1071",
      "status" : "passed",
      "time" : {
        "start" : 1586262123579,
        "stop" : 1586262123981,
        "duration" : 402
      }
    }, {
      "uid" : "cf607a86a8377d29",
      "reportUrl" : "http://localhost:8080/job/pytest-allure/44/allure/#testresult/cf607a86a8377d29",
      "status" : "passed",
      "time" : {
        "start" : 1586261505233,
        "stop" : 1586261505664,
        "duration" : 431
      }
    }, {
      "uid" : "c98cf58f4cdaa034",
      "reportUrl" : "http://localhost:8080/job/pytest-allure/43/allure/#testresult/c98cf58f4cdaa034",
      "status" : "passed",
      "time" : {
        "start" : 1586261361579,
        "stop" : 1586261362056,
        "duration" : 477
      }
    }, {
      "uid" : "3402251ba35381e",
      "reportUrl" : "http://localhost:8080/job/pytest-allure/42/allure/#testresult/3402251ba35381e",
      "status" : "passed",
      "time" : {
        "start" : 1586261006618,
        "stop" : 1586261007132,
        "duration" : 514
      }
    }, {
      "uid" : "3f1c7fe14da32dbf",
      "reportUrl" : "http://localhost:8080/job/pytest-allure/41/allure/#testresult/3f1c7fe14da32dbf",
      "status" : "passed",
      "time" : {
        "start" : 1586260727991,
        "stop" : 1586260728506,
        "duration" : 515
      }
    }, {
      "uid" : "f621ef29c7ba6e69",
      "reportUrl" : "http://localhost:8080/job/pytest-allure/40/allure/#testresult/f621ef29c7ba6e69",
      "status" : "passed",
      "time" : {
        "start" : 1586252896208,
        "stop" : 1586252896680,
        "duration" : 472
      }
    }, {
      "uid" : "b8b517fd2ea266b8",
      "reportUrl" : "http://localhost:8080/job/pytest-allure/39/allure/#testresult/b8b517fd2ea266b8",
      "status" : "passed",
      "time" : {
        "start" : 1586252332198,
        "stop" : 1586252332680,
        "duration" : 482
      }
    }, {
      "uid" : "2efd76c3cf942aba",
      "reportUrl" : "http://localhost:8080/job/pytest-allure/38/allure/#testresult/2efd76c3cf942aba",
      "status" : "passed",
      "time" : {
        "start" : 1586252201690,
        "stop" : 1586252202155,
        "duration" : 465
      }
    }, {
      "uid" : "5c111f53561f2350",
      "reportUrl" : "http://localhost:8080/job/pytest-allure/35/allure/#testresult/5c111f53561f2350",
      "status" : "passed",
      "time" : {
        "start" : 1586251865602,
        "stop" : 1586251866031,
        "duration" : 429
      }
    }, {
      "uid" : "ed981481c17b57ff",
      "reportUrl" : "http://localhost:8080/job/pytest-allure/33/allure/#testresult/ed981481c17b57ff",
      "status" : "passed",
      "time" : {
        "start" : 1586251545497,
        "stop" : 1586251545889,
        "duration" : 392
      }
    }, {
      "uid" : "44f33247354bfa26",
      "status" : "passed",
      "time" : {
        "start" : 1586251087810,
        "stop" : 1586251088261,
        "duration" : 451
      }
    } ]
  },
  "f85d11cb45817a68a7f5c045f034434d" : {
    "statistic" : {
      "failed" : 11,
      "broken" : 0,
      "skipped" : 0,
      "passed" : 0,
      "unknown" : 0,
      "total" : 11
    },
    "items" : [ {
      "uid" : "3bf2b80518ff23f9",
      "reportUrl" : "http://localhost:8080/job/pytest-allure/45/allure/#testresult/3bf2b80518ff23f9",
      "status" : "failed",
      "statusDetails" : "AssertionError: assert 'v2EX' == 'V2EX'\n  - v2EX\n  ? ^\n  + V2EX\n  ? ^",
      "time" : {
        "start" : 1586262124366,
        "stop" : 1586262167118,
        "duration" : 42752
      }
    }, {
      "uid" : "3ca29925f739760e",
      "reportUrl" : "http://localhost:8080/job/pytest-allure/44/allure/#testresult/3ca29925f739760e",
      "status" : "failed",
      "statusDetails" : "AssertionError: assert 'v2EX' == 'V2EX'\n  - v2EX\n  ? ^\n  + V2EX\n  ? ^",
      "time" : {
        "start" : 1586261506056,
        "stop" : 1586261507144,
        "duration" : 1088
      }
    }, {
      "uid" : "21dc82e0b8b909ec",
      "reportUrl" : "http://localhost:8080/job/pytest-allure/43/allure/#testresult/21dc82e0b8b909ec",
      "status" : "failed",
      "statusDetails" : "AssertionError: assert 'v2EX' == 'V2EX'\n  - v2EX\n  ? ^\n  + V2EX\n  ? ^",
      "time" : {
        "start" : 1586261362526,
        "stop" : 1586261364411,
        "duration" : 1885
      }
    }, {
      "uid" : "947677dc15abdb6b",
      "reportUrl" : "http://localhost:8080/job/pytest-allure/42/allure/#testresult/947677dc15abdb6b",
      "status" : "failed",
      "statusDetails" : "AssertionError: assert 'v2EX' == 'V2EX'\n  - v2EX\n  ? ^\n  + V2EX\n  ? ^",
      "time" : {
        "start" : 1586261007519,
        "stop" : 1586261009143,
        "duration" : 1624
      }
    }, {
      "uid" : "26aa4d73babd3580",
      "reportUrl" : "http://localhost:8080/job/pytest-allure/41/allure/#testresult/26aa4d73babd3580",
      "status" : "failed",
      "statusDetails" : "AssertionError: assert 'v2EX' == 'V2EX'\n  - v2EX\n  ? ^\n  + V2EX\n  ? ^",
      "time" : {
        "start" : 1586260728882,
        "stop" : 1586260730747,
        "duration" : 1865
      }
    }, {
      "uid" : "26367858019c3991",
      "reportUrl" : "http://localhost:8080/job/pytest-allure/40/allure/#testresult/26367858019c3991",
      "status" : "failed",
      "statusDetails" : "AssertionError: assert 'v2EX' == 'V2EX'\n  - v2EX\n  ? ^\n  + V2EX\n  ? ^",
      "time" : {
        "start" : 1586252897064,
        "stop" : 1586252898994,
        "duration" : 1930
      }
    }, {
      "uid" : "e9e990dc9915a296",
      "reportUrl" : "http://localhost:8080/job/pytest-allure/39/allure/#testresult/e9e990dc9915a296",
      "status" : "failed",
      "statusDetails" : "AssertionError: assert 'v2EX' == 'V2EX'\n  - v2EX\n  ? ^\n  + V2EX\n  ? ^",
      "time" : {
        "start" : 1586252333060,
        "stop" : 1586252333764,
        "duration" : 704
      }
    }, {
      "uid" : "f0e80deb36f43a2d",
      "reportUrl" : "http://localhost:8080/job/pytest-allure/38/allure/#testresult/f0e80deb36f43a2d",
      "status" : "failed",
      "statusDetails" : "AssertionError: assert 'v2EX' == 'V2EX'\n  - v2EX\n  ? ^\n  + V2EX\n  ? ^",
      "time" : {
        "start" : 1586252202528,
        "stop" : 1586252208585,
        "duration" : 6057
      }
    }, {
      "uid" : "52bb807a63753c06",
      "reportUrl" : "http://localhost:8080/job/pytest-allure/35/allure/#testresult/52bb807a63753c06",
      "status" : "failed",
      "statusDetails" : "AssertionError: assert 'v2EX' == 'V2EX'\n  - v2EX\n  ? ^\n  + V2EX\n  ? ^",
      "time" : {
        "start" : 1586251866476,
        "stop" : 1586251867753,
        "duration" : 1277
      }
    }, {
      "uid" : "9f4c9430e77e0366",
      "reportUrl" : "http://localhost:8080/job/pytest-allure/33/allure/#testresult/9f4c9430e77e0366",
      "status" : "failed",
      "statusDetails" : "AssertionError: assert 'v2EX' == 'V2EX'\n  - v2EX\n  ? ^\n  + V2EX\n  ? ^",
      "time" : {
        "start" : 1586251546290,
        "stop" : 1586251557669,
        "duration" : 11379
      }
    }, {
      "uid" : "53ae6235b5f44d31",
      "status" : "failed",
      "statusDetails" : "AssertionError: assert 'v2EX' == 'V2EX'\n  - v2EX\n  ? ^\n  + V2EX\n  ? ^",
      "time" : {
        "start" : 1586251088652,
        "stop" : 1586251103136,
        "duration" : 14484
      }
    } ]
  },
  "b55a4bf00ea257eda2592d0a042d0979" : {
    "statistic" : {
      "failed" : 0,
      "broken" : 0,
      "skipped" : 0,
      "passed" : 11,
      "unknown" : 0,
      "total" : 11
    },
    "items" : [ {
      "uid" : "6507c12f87c13d5f",
      "reportUrl" : "http://localhost:8080/job/pytest-allure/45/allure/#testresult/6507c12f87c13d5f",
      "status" : "passed",
      "time" : {
        "start" : 1586262123149,
        "stop" : 1586262123560,
        "duration" : 411
      }
    }, {
      "uid" : "662618c97a7d0ef8",
      "reportUrl" : "http://localhost:8080/job/pytest-allure/44/allure/#testresult/662618c97a7d0ef8",
      "status" : "passed",
      "time" : {
        "start" : 1586261504860,
        "stop" : 1586261505217,
        "duration" : 357
      }
    }, {
      "uid" : "9cdcd773544e6e19",
      "reportUrl" : "http://localhost:8080/job/pytest-allure/43/allure/#testresult/9cdcd773544e6e19",
      "status" : "passed",
      "time" : {
        "start" : 1586261361188,
        "stop" : 1586261361563,
        "duration" : 375
      }
    }, {
      "uid" : "6ea10911e6327817",
      "reportUrl" : "http://localhost:8080/job/pytest-allure/42/allure/#testresult/6ea10911e6327817",
      "status" : "passed",
      "time" : {
        "start" : 1586261006261,
        "stop" : 1586261006603,
        "duration" : 342
      }
    }, {
      "uid" : "5272296e6104197",
      "reportUrl" : "http://localhost:8080/job/pytest-allure/41/allure/#testresult/5272296e6104197",
      "status" : "passed",
      "time" : {
        "start" : 1586260727585,
        "stop" : 1586260727974,
        "duration" : 389
      }
    }, {
      "uid" : "ffc87cba928eb570",
      "reportUrl" : "http://localhost:8080/job/pytest-allure/40/allure/#testresult/ffc87cba928eb570",
      "status" : "passed",
      "time" : {
        "start" : 1586252895833,
        "stop" : 1586252896193,
        "duration" : 360
      }
    }, {
      "uid" : "27ad9be8bbb85cc0",
      "reportUrl" : "http://localhost:8080/job/pytest-allure/39/allure/#testresult/27ad9be8bbb85cc0",
      "status" : "passed",
      "time" : {
        "start" : 1586252331831,
        "stop" : 1586252332181,
        "duration" : 350
      }
    }, {
      "uid" : "2ffa0c378cd376fa",
      "reportUrl" : "http://localhost:8080/job/pytest-allure/38/allure/#testresult/2ffa0c378cd376fa",
      "status" : "passed",
      "time" : {
        "start" : 1586252201274,
        "stop" : 1586252201676,
        "duration" : 402
      }
    }, {
      "uid" : "5b8bbcb177787c38",
      "reportUrl" : "http://localhost:8080/job/pytest-allure/35/allure/#testresult/5b8bbcb177787c38",
      "status" : "passed",
      "time" : {
        "start" : 1586251865237,
        "stop" : 1586251865588,
        "duration" : 351
      }
    }, {
      "uid" : "f1a709180014b144",
      "reportUrl" : "http://localhost:8080/job/pytest-allure/33/allure/#testresult/f1a709180014b144",
      "status" : "passed",
      "time" : {
        "start" : 1586251545076,
        "stop" : 1586251545483,
        "duration" : 407
      }
    }, {
      "uid" : "ca1d6be6a896525d",
      "status" : "passed",
      "time" : {
        "start" : 1586251087460,
        "stop" : 1586251087797,
        "duration" : 337
      }
    } ]
  }
}